Workbook

Sheet Concepts
C1: Essential Excel Functions & Formulas
D5: Business Question: | F5: Function(s) you'll learn: | G5: Challenge for you…
C6: 1 | D6: Total Salary and headcount by department | F6: SUMIFS, COUNTIFS | G6: Permanent headcount
C7: 2 | D7: All employees with more than $100k salary | F7: FILTER
C8: 3 | D8: All female employees with more than $100k salary | F8: FILTER, * | G8: who joined in 2020 or after…
C9: 4 | D9: Lowest, highest and top 5 salary values | F9: MIN, MAX, LARGE, SORT + TAKE
C10: 5 | D10: List of all departments | F10: UNIQUE, COUNTA, # | G10: All depts in one cell, comma seperated
C11: 6 | D11: Employee details lookup | F11: VLOOKUP, INDEX + MATCH
C12: 7 | D12: Employee details lookup | F12: XLOOKUP, IFERROR | G12: Find all employees with 120,000 salary
C13: 8 | D13: Complex formula: Highest salary person | F13: XLOOKUP + MAX
C14: 9 | D14: Complex formula: All employees joined in March | F14: FILTER + MONTH | G14: Female employees with Monday start
C15: 10 | D15: Complex formula: Department report of headcounts, salaries and % diff from overall average | F15: UNIQUE, SUMIFS, COUNTIFS, #, CONDITIONAL FORMATTING | G15: Calculate Median Salary and Female Ratio

Sheet Data
C1: Essential Excel Functions & Formulas
C7: Emp ID | D7: First Name | E7: Last Name | F7: Gender | G7: Department | H7: Salary | I7: Salary Bucket | J7: Start Date | K7: FTE | L7: Employee type | M7: Work location | N7: Tenure | O7: Work Type
C8: PR00147 | D8: Minerva | E8: Ricardot | F8: Male | G8: Engineering | H8: 120000 | I8: Above 100k | J8: 43416 | K8: 1 | L8: Permanent | M8: Remote | N8: 5.6109589 | O8: Full time
C9: SQ04612 | D9: Mick | E9: Spraberry | F9: Female | G9: Services | H9: 120000 | I9: Above 100k | J9: 43902 | K9: 0.9 | L9: Permanent | M9: Remote | N9: 4.2794521 | O9: Part time
C10: PR03886 | D10: Edd | E10: MacKnockiter | F10: Male | G10: Accounting | H10: 119022.49 | I10: Above 100k | J10: 44431 | K10: 1 | L10: Permanent | M10: Auckland, New Zealand | N10: 2.830137 | O10: Full time
C11: SQ00144 | D11: Collen | E11: Dunbleton | F11: Male | G11: Engineering | H11: 118976.16 | I11: Above 100k | J11: 44120 | K11: 1 | L11: Permanent | M11: Wellington, New Zealand | N11: 3.6821918 | O11: Full time
C12: SQ02174 | D12: Sidoney | E12: Yitzhok | F12: Female | G12: Engineering | H12: 118442.54 | I12: Above 100k | J12: 44193 | K12: 1 | L12: Permanent | M12: Auckland, New Zealand | N12: 3.4821918 | O12: Full time
C13: VT04093 | D13: Prasanna | E13: Lakshmi | F13: Female | G13: Training | H13: 116767.63 | I13: Above 100k | J13: 43949 | K13: 0.4 | L13: Temporary | M13: Chennai, India | N13: 4.1506849 | O13: Part time
C14: VT04093 | D14: Baruna | E14: Ogale | F14: Female | G14: Training | H14: 116767.63 | I14: Above 100k | J14: 43949 | K14: 0.4 | L14: Temporary | M14: Chennai, India | N14: 4.1506849 | O14: Part time
C15: PR02010 | D15: Prerana | E15: Nishita | F15: Male | G15: Product Management | H15: 115191.38 | I15: Above 100k | J15: 44004 | K15: 1 | L15: Permanent | M15: Hyderabad, India | N15: 4 | O15: Full time
C16: SQ02624 | D16: Gwenneth | E16: Fealey | F16: Female | G16: Engineering | H16: 114772.32 | I16: Above 100k | J16: 44251 | K16: 1 | L16: Permanent | M16: Columbus, USA | N16: 3.3232877 | O16: Full time
C17: VT02801 | D17: Shellysheldon | E17: Mahady | F17: Male | G17: Training | H17: 114691.03 | I17: Above 100k | J17: 44039 | K17: 1 | L17: Temporary | M17: Wellington, New Zealand | N17: 3.9041096 | O17: Full time
C18: VT02491 | D18: Alexis | E18: Gotfrey | F18: Male | G18: Engineering | H18: 114465.93 | I18: Above 100k | J18: 43291 | K18: 1 | L18: Temporary | M18: Wellington, New Zealand | N18: 5.9534247 | O18: Full time
C19: TN01281 | D19: Cletus | E19: McGarahan | F19: Female | G19: Engineering | H19: 114425.19 | I19: Above 100k | J19: 43857 | K19: 1 | L19: Permanent | M19: Wellington, New Zealand | N19: 4.4027397 | O19: Full time
... C267: VT04373 | D267: Edi | E267: Hofton | F267: Male | G267: Research and Development | H267: 28160.79 | I267: Under 50k | J267: 43129 | K267: 1 | L267: Temporary | M267: Remote | N267: 6.3972603 | O267: Full time

Sheet Q1 SumIf CountIfs
A2: 1 | B2: Total Salary and headcount by department | D2: SUMIFS, COUNTIFS | E2: Permanent headcount
B4: Below all the data has been accessed from previous staff table
B6: Department | C6: Headcount | D6: Total Salary | E6: Average Salary | F6: Employee Type | G6: Permanent Head Count | K6: Emp ID | L6: First Name | M6: Last Name | N6: Gender | O6: Department | P6: Salary | Q6: Salary Bucket | R6: Start Date | S6: FTE | T6: Employee type | U6: Work location | V6: Tenure | W6: Work Type
B7: Training | C7: {=COUNTIFS(staff[Department],B7:B18)} -> 24 | D7: {=SUMIFS(staff[Salary],staff[Department],B7:B18)} -> 2013215.2 | E7: {=AVERAGEIFS(staff[Salary],staff[Department],B7:B18)} -> 83883.965 | F7: Permanent | G7: {=COUNTIFS(staff[Employee type],F7:F9)} -> 168 | K7: PR00007 | L7: Torrance | M7: Collier | N7: Female | O7: Training | P7: 96135.75 | Q7: 50k to 100k | R7: 44025 | S7: 0.3 | T7: Permanent | U7: Wellington, New Zealand | V7: 3.9424658 | W7: Part time | Z7: Here all the data has been taken from side table
B8: Business Development | C8: 25 | D8: 1993631.2 | E8: 79745.248 | F8: Fixed Term | G8: 50 | K8: PR00095 | L8: Devrat | M8: Damarsingh | N8: Female | O8: Business Development | P8: 70649.46 | Q8: 50k to 100k | R8: 43843 | S8: 1 | T8: Permanent | U8: Hyderabad, India | V8: 4.4410959 | W8: Full time
B9: Engineering | C9: 26 | D9: 2131387.5 | E9: 81976.442 | F9: Temporary | G9: 42 | K9: PR00113 | L9: Van | M9: Tuxwell | N9: Female | O9: Business Development | P9: 80695.74 | Q9: 50k to 100k | R9: 43360 | S9: 1 | T9: Permanent | U9: Columbus, USA | V9: 5.7643836 | W9: Full time | Z9: Department | AA9: Head Count | AB9: Total Salary | AC9: Average | AD9: Employee Work Type | AE9: Work Type Head Count
B10: Marketing | C10: 12 | D10: 773295.6 | E10: 64441.3 | K10: PR00113 | L10: Van | M10: Tuxwell | N10: Female | O10: Business Development | P10: 80695.74 | Q10: 50k to 100k | R10: 43360 | S10: 1 | T10: Permanent | U10: Columbus, USA | V10: 5.7643836 | W10: Full time | Z10: Training | AA10: {=COUNTIFS(O7:O266,Z10:Z21)} -> 24 | AB10: {=SUMIFS(P7:P266,O7:O266,Z10:Z21)} -> 2013215.2 | AC10: {=AVERAGEIFS(P7:P266,O7:O266,Z10:Z21)} -> 83883.965 | AD10: Permanent | AE10: {=COUNTIFS(T7:T266,AD10:AD12)} -> 168
B11: Legal | C11: 21 | D11: 1412092.9 | E11: 67242.518 | K11: PR00147 | L11: Minerva | M11: Ricardot | N11: Male | O11: Engineering | P11: 120000 | Q11: Above 100k | R11: 43416 | S11: 1 | T11: Permanent | U11: Remote | V11: 5.6109589 | W11: Full time | Z11: Business Development | AA11: 26 | AB11: 2074327 | AC11: 79781.806 | AD11: Fixed Term | AE11: 50
B12: Accounting | C12: 26 | D12: 1814980.6 | E12: 69806.946 | K12: PR00246 | L12: Husein | M12: Augar | N12: Female | O12: Marketing | P12: 67905.8 | Q12: 50k to 100k | R12: 44194 | S12: 1 | T12: Permanent | U12: Remote | V12: 3.4794521 | W12: Full time | Z12: Engineering | AA12: 26 | AB12: 2131387.5 | AC12: 81976.442 | AD12: Temporary | AE12: 42
B13: Human Resources | C13: 22 | D13: 1608406.3 | E13: 73109.378 | K13: PR00419 | L13: Billi | M13: Fellgate | N13: Female | O13: Business Development | P13: 68980.52 | Q13: 50k to 100k | R13: 43494 | S13: 0.8 | T13: Permanent | U13: Remote | V13: 5.3972603 | W13: Part time | Z13: Marketing | AA13: 12 | AB13: 773295.6 | AC13: 64441.3
B14: Research and Development | C14: 18 | D14: 1204393.8 | E14: 66910.766 | K14: PR00576 | L14: Lalitchandra | M14: Vadali | N14: Female | O14: Legal | P14: 63705.4 | Q14: 50k to 100k | R14: 43682 | S14: 1 | T14: Permanent | U14: Hyderabad, India | V14: 4.8821918 | W14: Full time | Z14: Legal | AA14: 21 | AB14: 1412092.9 | AC14: 67242.518
B15: Services | C15: 21 | D15: 1568153.5 | E15: 74673.975 | K15: PR00746 | L15: Hogan | M15: Iles | N15: Female | O15: Accounting | P15: 114177.23 | Q15: Above 100k | R15: 43908 | S15: 1 | T15: Permanent | U15: Wellington, New Zealand | V15: 4.2630137 | W15: Full time | Z15: Accounting | AA15: 26 | AB15: 1814980.6 | AC15: 69806.946
B16: Product Management | C16: 29 | D16: 2180192.9 | E16: 75179.064 | K16: PR00770 | L16: Beryl | M16: Burnsyde | N16: Male | O16: Legal | P16: 29774.76 | Q16: Under 50k | R16: 44105 | S16: 1 | T16: Permanent | U16: Wellington, New Zealand | V16: 3.7232877 | W16: Full time | Z16: Human Resources | AA16: 22 | AB16: 1608406.3 | AC16: 73109.378
B17: Support | C17: 17 | D17: 1129351.7 | E17: 66432.456 | K17: PR00882 | L17: Jill | M17: Shipsey | N17: Male | O17: Accounting | P17: 52963.65 | Q17: 50k to 100k | R17: 44288 | S17: 0.3 | T17: Permanent | U17: Columbus, USA | V17: 3.2219178 | W17: Part time | Z17: Research and Development | AA17: 18 | AB17: 1204393.8 | AC17: 66910.766
B18: Sales | C18: 18 | D18: 1294147.7 | E18: 71897.096 | K18: PR00893 | L18: Vasavi | M18: Veeravasarapu | N18: Male | O18: Human Resources | P18: 50310.09 | Q18: 50k to 100k | R18: 44285 | S18: 0.4 | T18: Permanent | U18: Hyderabad, India | V18: 3.230137 | W18: Part time | Z18: Services | AA18: 21 | AB18: 1568153.5 | AC18: 74673.975
K19: PR00916 | L19: Inger | M19: Chapelhow | N19: Female | O19: Research and Development | P19: 84309.95 | Q19: 50k to 100k | R19: 44501 | S19: 1 | T19: Permanent | U19: Remote | V19: 2.6383562 | W19: Full time | Z19: Product Management | AA19: 29 | AB19: 2180192.9 | AC19: 75179.064
K20: PR01055 | L20: Devasree | M20: Fullara | N20: Male | O20: Accounting | P20: 35936.31 | Q20: Under 50k | R20: 43241 | S20: 1 | T20: Permanent | U20: Chennai, India | V20: 6.090411 | W20: Full time | Z20: Support | AA20: 17 | AB20: 1129351.8 | AC20: 66432.456
K21: PR01159 | L21: Mollie | M21: Hanway | N21: Male | O21: Engineering | P21: 112645.99 | Q21: Above 100k | R21: 43759 | S21: 0.6 | T21: Permanent | U21: Seattle, USA | V21: 4.6712329 | W21: Part time | Z21: Sales | AA21: 18 | AB21: 1294147.7 | AC21: 71897.096
K22: PR01211 | L22: Enoch | M22: Dowrey | N22: Male | O22: Accounting | P22: 91645.04 | Q22: 50k to 100k | R22: 44223 | S22: 1 | T22: Permanent | U22: Auckland, New Zealand | V22: 3.4 | W22: Full time
K23: PR01269 | L23: Eleonore | M23: Airdrie | N23: Female | O23: Engineering | P23: 97105.19 | Q23: 50k to 100k | R23: 44425 | S23: 1 | T23: Permanent | U23: Columbus, USA | V23: 2.8465753 | W23: Full time
K24: PR01306 | L24: Patti | M24: Dradey | N24: Male | O24: Services | P24: 84742.86 | Q24: 50k to 100k | R24: 44098 | S24: 1 | T24: Permanent | U24: Auckland, New Zealand | V24: 3.7424658 | W24: Full time
K25: PR01346 | L25: Adolph | M25: McNalley | N25: Male | O25: Business Development | P25: 85918.61 | Q25: 50k to 100k | R25: 43136 | S25: 1 | T25: Permanent | U25: Columbus, USA | V25: 6.3780822 | W25: Full time
K26: PR01383 | L26: Addi | M26: Studdeard | N26: Female | O26: Product Management | P26: 72502.61 | Q26: 50k to 100k | R26: 44235 | S26: 1 | T26: Permanent | U26: Wellington, New Zealand | V26: 3.3671233 | W26: Full time
K27: PR01476 | L27: Jaishree | M27: Atasi | N27: Male | O27: Services | P27: 77096.05 | Q27: 50k to 100k | R27: 43217 | S27: 1 | T27: Permanent | U27: Chennai, India | V27: 6.1561644 | W27: Full time
K28: PR01662 | L28: Genevra | M28: Friday | N28: Female | O28: Research and Development | P28: 50449.46 | Q28: 50k to 100k | R28: 43418 | S28: 0.8 | T28: Permanent | U28: Auckland, New Zealand | V28: 5.6054795 | W28: Part time
K29: PR01943 | L29: Rameshwari | M29: Chikodi | N29: Male | O29: Human Resources | P29: 48525.71 | Q29: Under 50k | R29: 43264 | S29: 1 | T29: Permanent | U29: Hyderabad, India | V29: 6.0273973 | W29: Full time
K30: PR01956 | L30: Jamesy | M30: O'Ferris | N30: Male | O30: Accounting | P30: 36547.58 | Q30: Under 50k | R30: 43416 | S30: 1 | T30: Permanent | U30: Remote | V30: 5.6109589 | W30: Full time
K31: PR01956 | L31: Jamesy | M31: O'Ferris | N31: Male | O31: Accounting | P31: 36547.58 | Q31: Under 50k | R31: 43416 | S31: 1 | T31: Permanent | U31: Remote | V31: 5.6109589 | W31: Full time
K32: PR02010 | L32: Prerana | M32: Nishita | N32: Male | O32: Product Management | P32: 115191.38 | Q32: Above 100k | R32: 44004 | S32: 1 | T32: Permanent | U32: Hyderabad, India | V32: 4 | W32: Full time
K33: PR02016 | L33: Iris | M33: Wagg | N33: Female | O33: Engineering | P33: 58861.19 | Q33: 50k to 100k | R33: 43654 | S33: 1 | T33: Permanent | U33: Columbus, USA | V33: 4.9589041 | W33: Full time
... K266: VT04984 | L266: Dell | M266: Molloy | N266: Male | O266: Engineering | P266: 47362.62 | Q266: Under 50k | R266: 43973 | S266: 1 | T266: Temporary | U266: Remote | V266: 4.0849315 | W266: Full time

Sheet Q2 Large,Filter, Take, Sort
A1: All employees with more than $100k salary | E1: FILTER
B5: {=staff[#Headers]} -> Emp ID | C5: First Name | D5: Last Name | E5: Gender | F5: Department | G5: Salary | H5: Salary Bucket | I5: Start Date | J5: FTE | K5: Employee type | L5: Work location | M5: Tenure | N5: Work Type | Z5: First Name | AA5: Last Name | AB5: Gender | AC5: Department | AD5: Salary | AE5: Salary Bucket | AF5: Start Date | AG5: FTE | AH5: Employee type | AI5: Work location | AJ5: Tenure | AK5: Work Type
B6: {=_xlfn._xlws.FILTER(staff[],staff[Salary]>100000)} -> PR00147 | C6: Minerva | D6: Ricardot | E6: Male | F6: Engineering | G6: 120000 | H6: Above 100k | I6: 43416 | J6: 1 | K6: Permanent | L6: Remote | M6: 5.6109589 | N6: Full time | S6: {=COLUMN(G5:G52)} -> 7 | Z6: Torrance | AA6: Collier | AB6: Female | AC6: Training | AD6: 96135.75 | AE6: 50k to 100k | AF6: 44025 | AG6: 0.3 | AH6: Permanent | AI6: Wellington, New Zealand | AJ6: 3.9424658 | AK6: Part time | AP6: This Table is came from side table using filter formula
B7: SQ04612 | C7: Mick | D7: Spraberry | E7: Female | F7: Services | G7: 120000 | H7: Above 100k | I7: 43902 | J7: 0.9 | K7: Permanent | L7: Remote | M7: 4.2794521 | N7: Part time | Q7: finding top 10 salaries | V7: {=_xlfn.SEQUENCE(10)} -> 1 | Z7: Devrat | AA7: Damarsingh | AB7: Female | AC7: Business Development | AD7: 70649.46 | AE7: 50k to 100k | AF7: 43843 | AG7: 1 | AH7: Permanent | AI7: Hyderabad, India | AJ7: 4.4410959 | AK7: Full time
B8: PR03886 | C8: Edd | D8: MacKnockiter | E8: Male | F8: Accounting | G8: 119022.49 | H8: Above 100k | I8: 44431 | J8: 1 | K8: Permanent | L8: Auckland, New Zealand | M8: 2.830137 | N8: Full time | V8: 2 | Z8: Van | AA8: Tuxwell | AB8: Female | AC8: Business Development | AD8: 80695.74 | AE8: 50k to 100k | AF8: 43360 | AG8: 1 | AH8: Permanent | AI8: Columbus, USA | AJ8: 5.7643836 | AK8: Full time | AN8: {=_xlfn._xlws.FILTER(Z5:AK266,AD5:AD266>100000)} -> First Name | AO8: Last Name | AP8: Gender | AQ8: Department | AR8: Salary | AS8: Salary Bucket | AT8: Start Date | AU8: FTE | AV8: Employee type | AW8: Work location | AX8: Tenure | AY8: Work Type
B9: SQ00144 | C9: Collen | D9: Dunbleton | E9: Male | F9: Engineering | G9: 118976.16 | H9: Above 100k | I9: 44120 | J9: 1 | K9: Permanent | L9: Wellington, New Zealand | M9: 3.6821918 | N9: Full time | Q9: Large & Filter | R9: Take + Sort | V9: 3 | Z9: Van | AA9: Tuxwell | AB9: Female | AC9: Business Development | AD9: 80695.74 | AE9: 50k to 100k | AF9: 43360 | AG9: 1 | AH9: Permanent | AI9: Columbus, USA | AJ9: 5.7643836 | AK9: Full time | AN9: Minerva | AO9: 0 | AP9: Male | AQ9: Engineering | AR9: 120000 | AS9: Above 100k | AT9: 43416 | AU9: 1 | AV9: Permanent | AW9: Remote | AX9: 5.6109589 | AY9: Full time
B10: SQ02174 | C10: Sidoney | D10: Yitzhok | E10: Female | F10: Engineering | G10: 118442.54 | H10: Above 100k | I10: 44193 | J10: 1 | K10: Permanent | L10: Auckland, New Zealand | M10: 3.4821918 | N10: Full time | Q10: {=LARGE(_xlfn._xlws.FILTER('Q2 Large,Filter, Take, Sort'!$B$5:$N$52,('Q2 Large,Filter, Take, Sort'!$E$5:$E$52)="Male"),'Q2 Large,Filter, Take, Sort'!V7)} -> 120000 | R10: {=_xlfn.TAKE(_xlfn._xlws.SORT(G6:G52,,1),10)} -> 100371.31 | T10: =MIN(G6:G52) -> 100371.31 | V10: 4 | Z10: Minerva | AB10: Male | AC10: Engineering | AD10: 120000 | AE10: Above 100k | AF10: 43416 | AG10: 1 | AH10: Permanent | AI10: Remote | AJ10: 5.6109589 | AK10: Full time | AN10: Hogan | AO10: Iles | AP10: Female | AQ10: Accounting | AR10: 114177.23 | AS10: Above 100k | AT10: 43908 | AU10: 1 | AV10: Permanent | AW10: Wellington, New Zealand | AX10: 4.2630137 | AY10: Full time
B11: VT04093 | C11: Prasanna | D11: Lakshmi | E11: Female | F11: Training | G11: 116767.63 | H11: Above 100k | I11: 43949 | J11: 0.4 | K11: Temporary | L11: Chennai, India | M11: 4.1506849 | N11: Part time | Q11: {=LARGE(_xlfn._xlws.FILTER('Q2 Large,Filter, Take, Sort'!$B$5:$N$52,('Q2 Large,Filter, Take, Sort'!$E$5:$E$52)="Male"),'Q2 Large,Filter, Take, Sort'!V8)} -> 119022.49 | R11: 100424.23 | T11: =MAX(G6:G52) -> 120000 | V11: 5 | Z11: Husein | AA11: Augar | AB11: Female | AC11: Marketing | AD11: 67905.8 | AE11: 50k to 100k | AF11: 44194 | AG11: 1 | AH11: Permanent | AI11: Remote | AJ11: 3.4794521 | AK11: Full time | AN11: Mollie | AO11: Hanway | AP11: Male | AQ11: Engineering | AR11: 112645.99 | AS11: Above 100k | AT11: 43759 | AU11: 0.6 | AV11: Permanent | AW11: Seattle, USA | AX11: 4.6712329 | AY11: Part time
B12: VT04093 | C12: Baruna | D12: Ogale | E12: Female | F12: Training | G12: 116767.63 | H12: Above 100k | I12: 43949 | J12: 0.4 | K12: Temporary | L12: Chennai, India | M12: 4.1506849 | N12: Part time | Q12: {=LARGE(_xlfn._xlws.FILTER('Q2 Large,Filter, Take, Sort'!$B$5:$N$52,('Q2 Large,Filter, Take, Sort'!$E$5:$E$52)="Male"),'Q2 Large,Filter, Take, Sort'!V9)} -> 118976.16 | R12: 100731.95 | T12: {=LARGE(_xlfn._xlws.FILTER(G6:G52,E6:E52="Male"),V7)} -> 120000 | V12: 6 | Z12: Billi | AA12: Fellgate | AB12: Female | AC12: Business Development | AD12: 68980.52 | AE12: 50k to 100k | AF12: 43494 | AG12: 0.8 | AH12: Permanent | AI12: Remote | AJ12: 5.3972603 | AK12: Part time | AN12: Prerana | AO12: Nishita | AP12: Male | AQ12: Product Management | AR12: 115191.38 | AS12: Above 100k | AT12: 44004 | AU12: 1 | AV12: Permanent | AW12: Hyderabad, India | AX12: 4 | AY12: Full time
B13: PR02010 | C13: Prerana | D13: Nishita | E13: Male | F13: Product Management | G13: 115191.38 | H13: Above 100k | I13: 44004 | J13: 1 | K13: Permanent | L13: Hyderabad, India | M13: 4 | N13: Full time | Q13: {=LARGE(_xlfn._xlws.FILTER('Q2 Large,Filter, Take, Sort'!$B$5:$N$52,('Q2 Large,Filter, Take, Sort'!$E$5:$E$52)="Male"),'Q2 Large,Filter, Take, Sort'!V10)} -> 115191.38 | R13: 101187.36 | T13: {=LARGE(_xlfn._xlws.FILTER(G7:G53,E7:E53="Male"),V8)} -> 118976.16 | V13: 7 | Z13: Lalitchandra | AA13: Vadali | AB13: Female | AC13: Legal | AD13: 63705.4 | AE13: 50k to 100k | AF13: 43682 | AG13: 1 | AH13: Permanent | AI13: Hyderabad, India | AJ13: 4.8821918 | AK13: Full time | AN13: Gowri | AO13: Sankar | AP13: Female | AQ13: Training | AR13: 102934.09 | AS13: Above 100k | AT13: 44315 | AU13: 1 | AV13: Permanent | AW13: Hyderabad, India | AX13: 3.1479452 | AY13: Full time
B14: SQ02624 | C14: Gwenneth | D14: Fealey | E14: Female | F14: Engineering | G14: 114772.32 | H14: Above 100k | I14: 44251 | J14: 1 | K14: Permanent | L14: Columbus, USA | M14: 3.3232877 | N14: Full time | Q14: {=LARGE(_xlfn._xlws.FILTER('Q2 Large,Filter, Take, Sort'!$B$5:$N$52,('Q2 Large,Filter, Take, Sort'!$E$5:$E$52)="Male"),'Q2 Large,Filter, Take, Sort'!V11)} -> 114691.03 | R14: 102129.37 | T14: {=LARGE(_xlfn._xlws.FILTER(G8:G54,E8:E54="Male"),V9)} -> 115191.38 | V14: 8 | Z14: Hogan | AA14: Iles | AB14: Female | AC14: Accounting | AD14: 114177.23 | AE14: Above 100k | AF14: 43908 | AG14: 1 | AH14: Permanent | AI14: Wellington, New Zealand | AJ14: 4.2630137 | AK14: Full time | AN14: Althea | AO14: Bronger | AP14: Male | AQ14: Product Management | AR14: 104335.04 | AS14: Above 100k | AT14: 43874 | AU14: 1 | AV14: Permanent | AW14: Columbus, USA | AX14: 4.3561644 | AY14: Full time
B15: VT02801 | C15: Shellysheldon | D15: Mahady | E15: Male | F15: Training | G15: 114691.03 | H15: Above 100k | I15: 44039 | J15: 1 | K15: Temporary | L15: Wellington, New Zealand | M15: 3.9041096 | N15: Full time | Q15: {=LARGE(_xlfn._xlws.FILTER('Q2 Large,Filter, Take, Sort'!$B$5:$N$52,('Q2 Large,Filter, Take, Sort'!$E$5:$E$52)="Male"),'Q2 Large,Filter, Take, Sort'!V12)} -> 114465.93 | R15: 102515.81 | T15: {=LARGE(_xlfn._xlws.FILTER(G9:G55,E9:E55="Male"),V10)} -> 114465.93 | V15: 9 | Z15: Beryl | AA15: Burnsyde | AB15: Male | AC15: Legal | AD15: 29774.76 | AE15: Under 50k | AF15: 44105 | AG15: 1 | AH15: Permanent | AI15: Wellington, New Zealand | AJ15: 3.7232877 | AK15: Full time | AN15: Edd | AO15: MacKnockiter | AP15: Male | AQ15: Accounting | AR15: 119022.49 | AS15: Above 100k | AT15: 44431 | AU15: 1 | AV15: Permanent | AW15: Auckland, New Zealand | AX15: 2.830137 | AY15: Full time
B16: VT02491 | C16: Alexis | D16: Gotfrey | E16: Male | F16: Engineering | G16: 114465.93 | H16: Above 100k | I16: 43291 | J16: 1 | K16: Temporary | L16: Wellington, New Zealand | M16: 5.9534247 | N16: Full time | Q16: {=LARGE(_xlfn._xlws.FILTER('Q2 Large,Filter, Take, Sort'!$B$5:$N$52,('Q2 Large,Filter, Take, Sort'!$E$5:$E$52)="Male"),'Q2 Large,Filter, Take, Sort'!V13)} -> 113747.56 | R16: 102934.09 | T16: {=LARGE(_xlfn._xlws.FILTER(G10:G56,E10:E56="Male"),V11)} -> 113747.56 | V16: 10 | Z16: Jill | AA16: Shipsey | AB16: Male | AC16: Accounting | AD16: 52963.65 | AE16: 50k to 100k | AF16: 44288 | AG16: 0.3 | AH16: Permanent | AI16: Columbus, USA | AJ16: 3.2219178 | AK16: Part time | AN16: Yedukondalu | AO16: Panditula | AP16: Need to check | AQ16: Support | AR16: 104802.63 | AS16: Above 100k | AT16: 44502 | AU16: 1 | AV16: Permanent | AW16: Hyderabad, India | AX16: 2.6356164 | AY16: Full time
B17: TN01281 | C17: Cletus | D17: McGarahan | E17: Female | F17: Engineering | G17: 114425.19 | H17: Above 100k | I17: 43857 | J17: 1 | K17: Permanent | L17: Wellington, New Zealand | M17: 4.4027397 | N17: Full time | Q17: {=LARGE(_xlfn._xlws.FILTER('Q2 Large,Filter, Take, Sort'!$B$5:$N$52,('Q2 Large,Filter, Take, Sort'!$E$5:$E$52)="Male"),'Q2 Large,Filter, Take, Sort'!V14)} -> 113747.56 | R17: 103494.94 | T17: {=LARGE(_xlfn._xlws.FILTER(G11:G57,E11:E57="Male"),V12)} -> 113616.23 | V17: 11 | Z17: Vasavi | AA17: Veeravasarapu | AB17: Male | AC17: Human Resources | AD17: 50310.09 | AE17: 50k to 100k | AF17: 44285 | AG17: 0.4 | AH17: Permanent | AI17: Hyderabad, India | AJ17: 3.230137 | AK17: Part time | AN17: Carlin | AO17: Demke | AP17: Male | AQ17: Business Development | AR17: 110042.37 | AS17: Above 100k | AT17: 43914 | AU17: 1 | AV17: Permanent | AW17: Columbus, USA | AX17: 4.2465753 | AY17: Full time
B18: PR00746 | C18: Hogan | D18: Iles | E18: Female | F18: Accounting | G18: 114177.23 | H18: Above 100k | I18: 43908 | J18: 1 | K18: Permanent | L18: Wellington, New Zealand | M18: 4.2630137 | N18: Full time | Q18: {=LARGE(_xlfn._xlws.FILTER('Q2 Large,Filter, Take, Sort'!$B$5:$N$52,('Q2 Large,Filter, Take, Sort'!$E$5:$E$52)="Male"),'Q2 Large,Filter, Take, Sort'!V15)} -> 113616.23 | R18: 103494.94 | T18: {=LARGE(_xlfn._xlws.FILTER(G12:G58,E12:E58="Male"),V13)} -> 112778.28 | Z18: Inger | AA18: Chapelhow | AB18: Female | AC18: Research and Development | AD18: 84309.95 | AE18: 50k to 100k | AF18: 44501 | AG18: 1 | AH18: Permanent | AI18: Remote | AJ18: 2.6383562 | AK18: Full time | AN18: Collen | AO18: Dunbleton | AP18: Male | AQ18: Engineering | AR18: 118976.16 | AS18: Above 100k | AT18: 44120 | AU18: 1 | AV18: Permanent | AW18: Wellington, New Zealand | AX18: 3.6821918 | AY18: Full time
B19: VT03421 | C19: Alic | D19: Bagg | E19: Male | F19: Legal | G19: 113747.56 | H19: Above 100k | I19: 44270 | J19: 0.7 | K19: Temporary | L19: Columbus, USA | M19: 3.2712329 | N19: Part time | Q19: {=LARGE(_xlfn._xlws.FILTER('Q2 Large,Filter, Take, Sort'!$B$5:$N$52,('Q2 Large,Filter, Take, Sort'!$E$5:$E$52)="Male"),'Q2 Large,Filter, Take, Sort'!V16)} -> 112778.28 | R19: 104038.9 | T19: {=LARGE(_xlfn._xlws.FILTER(G13:G59,E13:E59="Male"),V14)} -> 112778.28 | Z19: Devasree | AA19: Fullara | AB19: Male | AC19: Accounting | AD19: 35936.31 | AE19: Under 50k | AF19: 43241 | AG19: 1 | AH19: Permanent | AI19: Chennai, India | AJ19: 6.090411 | AK19: Full time | AN19: Amery | AO19: Ofer | AP19: Female | AQ19: Legal | AR19: 111049.84 | AS19: Above 100k | AT19: 44393 | AU19: 1 | AV19: Permanent | AW19: Wellington, New Zealand | AX19: 2.9342466 | AY19: Full time
B20: VT03421 | C20: Alic | D20: Bagg | E20: Male | F20: Legal | G20: 113747.56 | H20: Above 100k | I20: 44270 | J20: 0.7 | K20: Temporary | L20: Columbus, USA | M20: 3.2712329 | N20: Part time | Q20: {=LARGE(_xlfn._xlws.FILTER('Q2 Large,Filter, Take, Sort'!$B$5:$N$52,('Q2 Large,Filter, Take, Sort'!$E$5:$E$52)="Male"),'Q2 Large,Filter, Take, Sort'!V17)} -> 112778.28 | T20: {=LARGE(_xlfn._xlws.FILTER(G14:G60,E14:E60="Male"),V15)} -> 111815.49 | Z20: Mollie | AA20: Hanway | AB20: Male | AC20: Engineering | AD20: 112645.99 | AE20: Above 100k | AF20: 43759 | AG20: 0.6 | AH20: Permanent | AI20: Seattle, USA | AJ20: 4.6712329 | AK20: Part time | AN20: Westbrook | AO20: Brandino | AP20: Male | AQ20: Legal | AR20: 113616.23 | AS20: Above 100k | AT20: 43255 | AU20: 1 | AV20: Permanent | AW20: Remote | AX20: 6.0520548 | AY20: Full time
B21: SQ01620 | C21: Westbrook | D21: Brandino | E21: Male | F21: Legal | G21: 113616.23 | H21: Above 100k | I21: 43255 | J21: 1 | K21: Permanent | L21: Remote | M21: 6.0520548 | N21: Full time | T21: {=LARGE(_xlfn._xlws.FILTER(G15:G61,E15:E61="Male"),V16)} -> 111815.49 | Z21: Enoch | AA21: Dowrey | AB21: Male | AC21: Accounting | AD21: 91645.04 | AE21: 50k to 100k | AF21: 44223 | AG21: 1 | AH21: Permanent | AI21: Auckland, New Zealand | AJ21: 3.4 | AK21: Full time | AN21: Anni | AO21: Izzard | AP21: Male | AQ21: Human Resources | AR21: 103494.94 | AS21: Above 100k | AT21: 43256 | AU21: 1 | AV21: Permanent | AW21: Remote | AX21: 6.0493151 | AY21: Full time
B22: VT01893 | C22: Lindy | D22: Guillet | E22: Male | F22: Training | G22: 112778.28 | H22: Above 100k | I22: 43250 | J22: 1 | K22: Fixed Term | L22: Remote | M22: 6.0657534 | N22: Full time | T22: {=LARGE(_xlfn._xlws.FILTER(G16:G62,E16:E62="Male"),V17)} -> 110042.37 | Z22: Eleonore | AA22: Airdrie | AB22: Female | AC22: Engineering | AD22: 97105.19 | AE22: 50k to 100k | AF22: 44425 | AG22: 1 | AH22: Permanent | AI22: Columbus, USA | AJ22: 2.8465753 | AK22: Full time | AN22: Anni | AO22: Izzard | AP22: Male | AQ22: Human Resources | AR22: 103494.94 | AS22: Above 100k | AT22: 43256 | AU22: 1 | AV22: Permanent | AW22: Remote | AX22: 6.0493151 | AY22: Full time
B23: VT01893 | C23: Lindy | D23: Guillet | E23: Male | F23: Training | G23: 112778.28 | H23: Above 100k | I23: 43250 | J23: 1 | K23: Fixed Term | L23: Remote | M23: 6.0657534 | N23: Full time | T23: {=LARGE(_xlfn._xlws.FILTER(G17:G63,E17:E63="Male"),V18)} -> #NUM! | Z23: Patti | AA23: Dradey | AB23: Male | AC23: Services | AD23: 84742.86 | AE23: 50k to 100k | AF23: 44098 | AG23: 1 | AH23: Permanent | AI23: Auckland, New Zealand | AJ23: 3.7424658 | AK23: Full time | AN23: Sidoney | AO23: Yitzhok | AP23: Female | AQ23: Engineering | AR23: 118442.54 | AS23: Above 100k | AT23: 44193 | AU23: 1 | AV23: Permanent | AW23: Auckland, New Zealand | AX23: 3.4821918 | AY23: Full time
B24: PR01159 | C24: Mollie | D24: Hanway | E24: Male | F24: Engineering | G24: 112645.99 | H24: Above 100k | I24: 43759 | J24: 0.6 | K24: Permanent | L24: Seattle, USA | M24: 4.6712329 | N24: Part time | T24: {=LARGE(_xlfn._xlws.FILTER(G18:G64,E18:E64="Male"),V19)} -> #NUM! | Z24: Adolph | AA24: McNalley | AB24: Male | AC24: Business Development | AD24: 85918.61 | AE24: 50k to 100k | AF24: 43136 | AG24: 1 | AH24: Permanent | AI24: Columbus, USA | AJ24: 6.3780822 | AK24: Full time | AN24: Gwenneth | AO24: Fealey | AP24: Female | AQ24: Engineering | AR24: 114772.32 | AS24: Above 100k | AT24: 44251 | AU24: 1 | AV24: Permanent | AW24: Columbus, USA | AX24: 3.3232877 | AY24: Full time
B25: VT04028 | C25: Michale | D25: Rolf | E25: Male | F25: Services | G25: 111815.49 | H25: Above 100k | I25: 43895 | J25: 0.7 | K25: Temporary | L25: Remote | M25: 4.2986301 | N25: Part time | Z25: Addi | AA25: Studdeard | AB25: Female | AC25: Product Management | AD25: 72502.61 | AE25: 50k to 100k | AF25: 44235 | AG25: 1 | AH25: Permanent | AI25: Wellington, New Zealand | AJ25: 3.3671233 | AK25: Full time | AN25: Deepit | AO25: Ranjana | AP25: Female | AQ25: Marketing | AR25: 104903.79 | AS25: Above 100k | AT25: 43649 | AU25: 1 | AV25: Permanent | AW25: Chennai, India | AX25: 4.9726027 | AY25: Full time
B26: VT04028 | C26: Michale | D26: Rolf | E26: Male | F26: Services | G26: 111815.49 | H26: Above 100k | I26: 43895 | J26: 0.7 | K26: Temporary | L26: Remote | M26: 4.2986301 | N26: Part time | Z26: Jaishree | AA26: Atasi | AB26: Male | AC26: Services | AD26: 77096.05 | AE26: 50k to 100k | AF26: 43217 | AG26: 1 | AH26: Permanent | AI26: Chennai, India | AJ26: 6.1561644 | AK26: Full time | AN26: Syd | AO26: Fearn | AP26: Male | AQ26: Engineering | AR26: 108872.77 | AS26: Above 100k | AT26: 43521 | AU26: 1 | AV26: Permanent | AW26: Remote | AX26: 5.3232877 | AY26: Full time
B27: SQ04603 | C27: Natalee | D27: Craiker | E27: Male | F27: Product Management | G27: 111229.47 | H27: Above 100k | I27: 43402 | J27: 1 | K27: Permanent | L27: Remote | M27: 5.6493151 | N27: Full time | Z27: Genevra | AA27: Friday | AB27: Female | AC27: Research and Development | AD27: 50449.46 | AE27: 50k to 100k | AF27: 43418 | AG27: 0.8 | AH27: Permanent | AI27: Auckland, New Zealand | AJ27: 5.6054795 | AK27: Part time | AN27: Robinia | AO27: Scholling | AP27: Female | AQ27: Human Resources | AR27: 100731.95 | AS27: Above 100k | AT27: 43936 | AU27: 1 | AV27: Permanent | AW27: Auckland, New Zealand | AX27: 4.1863014 | AY27: Full time
B28: SQ00498 | C28: Amery | D28: Ofer | E28: Female | F28: Legal | G28: 111049.84 | H28: Above 100k | I28: 44393 | J28: 1 | K28: Permanent | L28: Wellington, New Zealand | M28: 2.9342466 | N28: Full time | Z28: Rameshwari | AA28: Chikodi | AB28: Male | AC28: Human Resources | AD28: 48525.71 | AE28: Under 50k | AF28: 43264 | AG28: 1 | AH28: Permanent | AI28: Hyderabad, India | AJ28: 6.0273973 | AK28: Full time | AN28: Ramalingam | AO28: Kothapeta | AP28: Need to check | AQ28: Accounting | AR28: 107107.6 | AS28: Above 100k | AT28: 43325 | AU28: 0.9 | AV28: Permanent | AW28: Chennai, India | AX28: 5.860274 | AY28: Part time
B29: VT04681 | C29: Nickolai | D29: Artin | E29: Female | F29: Product Management | G29: 110906.35 | H29: Above 100k | I29: 43434 | J29: 1 | K29: Temporary | L29: Wellington, New Zealand | M29: 5.5616438 | N29: Full time | Z29: Jamesy | AA29: O'Ferris | AB29: Male | AC29: Accounting | AD29: 36547.58 | AE29: Under 50k | AF29: 43416 | AG29: 1 | AH29: Permanent | AI29: Remote | AJ29: 5.6109589 | AK29: Full time | AN29: Freda | AO29: Legan | AP29: Female | AQ29: Sales | AR29: 102129.37 | AS29: Above 100k | AT29: 44396 | AU29: 1 | AV29: Permanent | AW29: Columbus, USA | AX29: 2.9260274 | AY29: Full time
B30: SQ00022 | C30: Carlin | D30: Demke | E30: Male | F30: Business Development | G30: 110042.37 | H30: Above 100k | I30: 43914 | J30: 1 | K30: Permanent | L30: Columbus, USA | M30: 4.2465753 | N30: Full time | Z30: Jamesy | AA30: O'Ferris | AB30: Male | AC30: Accounting | AD30: 36547.58 | AE30: Under 50k | AF30: 43416 | AG30: 1 | AH30: Permanent | AI30: Remote | AJ30: 5.6109589 | AK30: Full time | AN30: Revkah | AO30: Antonacci | AP30: Male | AQ30: Engineering | AR30: 109143.17 | AS30: Above 100k | AT30: 43945 | AU30: 1 | AV30: Permanent | AW30: Wellington, New Zealand | AX30: 4.1616438 | AY30: Full time
B31: TN00579 | C31: Rafaelita | D31: Blaksland | E31: Female | F31: Services | G31: 109163.39 | H31: Above 100k | I31: 44019 | J31: 0.8 | K31: Permanent | L31: Seattle, USA | M31: 3.9589041 | N31: Part time | Z31: Prerana | AA31: Nishita | AB31: Male | AC31: Product Management | AD31: 115191.38 | AE31: Above 100k | AF31: 44004 | AG31: 1 | AH31: Permanent | AI31: Hyderabad, India | AJ31: 4 | AK31: Full time | AN31: Natalee | AO31: Craiker | AP31: Male | AQ31: Product Management | AR31: 111229.47 | AS31: Above 100k | AT31: 43402 | AU31: 1 | AV31: Permanent | AW31: Remote | AX31: 5.6493151 | AY31: Full time
B32: SQ03733 | C32: Revkah | D32: Antonacci | E32: Male | F32: Engineering | G32: 109143.17 | H32: Above 100k | I32: 43945 | J32: 1 | K32: Permanent | L32: Wellington, New Zealand | M32: 4.1616438 | N32: Full time | Z32: Iris | AA32: Wagg | AB32: Female | AC32: Engineering | AD32: 58861.19 | AE32: 50k to 100k | AF32: 43654 | AG32: 1 | AH32: Permanent | AI32: Columbus, USA | AJ32: 4.9589041 | AK32: Full time | AN32: Mick | AO32: Spraberry | AP32: Female | AQ32: Services | AR32: 120000 | AS32: Above 100k | AT32: 43902 | AU32: 0.9 | AV32: Permanent | AW32: Remote | AX32: 4.2794521 | AY32: Part time
B33: SQ03116 | C33: Syd | D33: Fearn | E33: Male | F33: Engineering | G33: 108872.77 | H33: Above 100k | I33: 43521 | J33: 1 | K33: Permanent | L33: Remote | M33: 5.3232877 | N33: Full time | Z33: Beverie | AA33: Moffet | AB33: Female | AC33: Support | AD33: 75974.99 | AE33: 50k to 100k | AF33: 44172 | AG33: 1 | AH33: Permanent | AI33: Remote | AJ33: 3.539726 | AK33: Full time | AN33: Collin | AO33: Jagson | AP33: Male | AQ33: Services | AR33: 100424.23 | AS33: Above 100k | AT33: 43801 | AU33: 1 | AV33: Permanent | AW33: Auckland, New Zealand | AX33: 4.5561644 | AY33: Full time
B34: SQ03476 | C34: Ramalingam | D34: Kothapeta | E34: Need to check | F34: Accounting | G34: 107107.6 | H34: Above 100k | I34: 43325 | J34: 0.9 | K34: Permanent | L34: Chennai, India | M34: 5.860274 | N34: Part time | Z34: Anjushri | AA34: Chandiramani | AB34: Male | AC34: Accounting | AD34: 95954.02 | AE34: 50k to 100k | AF34: 43567 | AG34: 0.3 | AH34: Permanent | AI34: Hyderabad, India | AJ34: 5.1972603 | AK34: Part time | AN34: Rafaelita | AO34: Blaksland | AP34: Female | AQ34: Services | AR34: 109163.39 | AS34: Above 100k | AT34: 44019 | AU34: 0.8 | AV34: Permanent | AW34: Seattle, USA | AX34: 3.9589041 | AY34: Part time
B35: TN04058 | C35: Subbarao | D35: Malladi | E35: Male | F35: Product Management | G35: 106775.14 | H35: Above 100k | I35: 43563 | J35: 1 | K35: Fixed Term | L35: Hyderabad, India | M35: 5.2082192 | N35: Full time | Z35: Gowri | AA35: Sankar | AB35: Female | AC35: Training | AD35: 102934.09 | AE35: Above 100k | AF35: 44315 | AG35: 1 | AH35: Permanent | AI35: Hyderabad, India | AJ35: 3.1479452 | AK35: Full time | AN35: Cletus | AO35: McGarahan | AP35: Female | AQ35: Engineering | AR35: 114425.19 | AS35: Above 100k | AT35: 43857 | AU35: 1 | AV35: Permanent | AW35: Wellington, New Zealand | AX35: 4.4027397 | AY35: Full time
B36: TN04058 | C36: Vasu | D36: Nandin | E36: Male | F36: Product Management | G36: 106775.14 | H36: Above 100k | I36: 43563 | J36: 1 | K36: Fixed Term | L36: Hyderabad, India | M36: 5.2082192 | N36: Full time | Z36: Louise | AA36: Lamming | AB36: Female | AC36: Sales | AD36: 41934.71 | AE36: Under 50k | AF36: 43780 | AG36: 1 | AH36: Permanent | AI36: Remote | AJ36: 4.6136986 | AK36: Full time | AN36: Subbarao | AO36: Malladi | AP36: Male | AQ36: Product Management | AR36: 106775.14 | AS36: Above 100k | AT36: 43563 | AU36: 1 | AV36: Fixed Term | AW36: Hyderabad, India | AX36: 5.2082192 | AY36: Full time
... B52: TN04246 | C52: Shaylyn | D52: Ransbury | E52: Female | F52: Support | G52: 100371.31 | H52: Above 100k | I52: 44067 | J52: 0.8 | K52: Fixed Term | L52: Auckland, New Zealand | M52: 3.8273973 | N52: Part time | Z52: Edd | AA52: MacKnockiter | AB52: Male | AC52: Accounting | AD52: 119022.49 | AE52: Above 100k | AF52: 44431 | AG52: 1 | AH52: Permanent | AI52: Auckland, New Zealand | AJ52: 2.830137 | AK52: Full time | AN52: Kulbhushan | AO52: Moorthy | AP52: Male | AQ52: Business Development | AR52: 106400.02 | AS52: Above 100k | AT52: 44021 | AU52: 1 | AV52: Temporary | AW52: Chennai, India | AX52: 3.9534247 | AY52: Full time
Z53: Kath | AA53: Bletsoe | AB53: Male | AC53: Marketing | AD53: 65699.02 | AE53: 50k to 100k | AF53: 43951 | AG53: 1 | AH53: Permanent | AI53: Columbus, USA | AJ53: 4.1452055 | AK53: Full time | AN53: Lalit | AO53: Kothari | AP53: Male | AQ53: Business Development | AR53: 106400.02 | AS53: Above 100k | AT53: 44021 | AU53: 1 | AV53: Temporary | AW53: Chennai, India | AX53: 3.9534247 | AY53: Full time
Z54: Carry | AA54: Loblie | AB54: Female | AC54: Sales | AD54: 47551.89 | AE54: Under 50k | AF54: 43468 | AG54: 1 | AH54: Permanent | AI54: Auckland, New Zealand | AJ54: 5.4684932 | AK54: Full time | AN54: Theresita | AO54: Chasmer | AP54: Female | AQ54: Product Management | AR54: 106665.67 | AS54: Above 100k | AT54: 43311 | AU54: 1 | AV54: Temporary | AW54: Columbus, USA | AX54: 5.8986301 | AY54: Full time
Z55: Van | AA55: Tuxwell | AB55: Female | AC55: Business Development | AD55: 80695.74 | AE55: 50k to 100k | AF55: 43787 | AG55: 0.8 | AH55: Permanent | AI55: Columbus, USA | AJ55: 4.5945205 | AK55: Part time | AN55: Nickolai | AO55: Artin | AP55: Female | AQ55: Product Management | AR55: 110906.35 | AS55: Above 100k | AT55: 43434 | AU55: 1 | AV55: Temporary | AW55: Wellington, New Zealand | AX55: 5.5616438 | AY55: Full time
B56: All Employee With >100K Salary | Z56: Sameer | AA56: Shashank | AB56: Female | AC56: Research and Development | AD56: 92336.08 | AE56: 50k to 100k | AF56: 44431 | AG56: 1 | AH56: Permanent | AI56: Hyderabad, India | AJ56: 2.830137 | AK56: Full time
B57: Want only subset data col - 1, 2, 3, 5, 6 | F57: First we use filter form. Then use choose form | Z57: Wyn | AA57: Treadger | AB57: Female | AC57: Business Development | AD57: 69192.85 | AE57: 50k to 100k | AF57: 44305 | AG57: 1 | AH57: Permanent | AI57: Columbus, USA | AJ57: 3.1753425 | AK57: Full time
C58: write value to see the data | E58: 100000 | Z58: Yedukondalu | AA58: Panditula | AB58: Need to check | AC58: Support | AD58: 104802.63 | AE58: Above 100k | AF58: 44502 | AG58: 1 | AH58: Permanent | AI58: Hyderabad, India | AJ58: 2.6356164 | AK58: Full time
B59: {=_xlfn.CHOOSECOLS(staff[#Headers],1,2,3,5,6)} -> Emp ID | C59: First Name | D59: Last Name | E59: Department | F59: Salary
B60: {=_xlfn.CHOOSECOLS(_xlfn._xlws.FILTER(staff[],staff[Salary]>E58,"Not Found"),1,2,3,5,6)} -> PR00147 | C60: Minerva | D60: Ricardot | E60: Engineering | F60: 120000 | Z60: Oona | AA60: Donan | AB60: Female | AC60: Business Development | AD60: 98000 | AE60: 50k to 100k | AF60: 43710 | AG60: 0.9 | AH60: Permanent | AI60: Seattle, USA | AJ60: 4.8054795 | AK60: Part time
B61: SQ04612 | C61: Mick | D61: Spraberry | E61: Services | F61: 120000 | Z61: Rodina | AA61: Drinan | AB61: Female | AC61: Sales | AD61: 77045.44 | AE61: 50k to 100k | AF61: 43636 | AG61: 1 | AH61: Permanent | AI61: Remote | AJ61: 5.0082192 | AK61: Full time
B62: PR03886 | C62: Edd | D62: MacKnockiter | E62: Accounting | F62: 119022.49 | Z62: Carlin | AA62: Demke | AB62: Male | AC62: Business Development | AD62: 110042.37 | AE62: Above 100k | AF62: 43914 | AG62: 1 | AH62: Permanent | AI62: Columbus, USA | AJ62: 4.2465753 | AK62: Full time
B63: SQ00144 | C63: Collen | D63: Dunbleton | E63: Engineering | F63: 118976.16 | Z63: Larissa | AA63: Ingledow | AB63: Male | AC63: Research and Development | AD63: 62281.24 | AE63: 50k to 100k | AF63: 43272 | AG63: 1 | AH63: Permanent | AI63: Remote | AJ63: 6.0054795 | AK63: Full time
B64: SQ02174 | C64: Sidoney | D64: Yitzhok | E64: Engineering | F64: 118442.54 | Z64: Sarayu | AA64: Ragunathan | AB64: Female | AC64: Training | AD64: 86010.54 | AE64: 50k to 100k | AF64: 43164 | AG64: 1 | AH64: Permanent | AI64: Chennai, India | AJ64: 6.3013699 | AK64: Full time
B65: VT04093 | C65: Prasanna | D65: Lakshmi | E65: Training | F65: 116767.63 | Z65: Collen | AA65: Dunbleton | AB65: Male | AC65: Engineering | AD65: 118976.16 | AE65: Above 100k | AF65: 44120 | AG65: 1 | AH65: Permanent | AI65: Wellington, New Zealand | AJ65: 3.6821918 | AK65: Full time
B66: VT04093 | C66: Baruna | D66: Ogale | E66: Training | F66: 116767.63 | Z66: Rupak | AA66: Mehra | AB66: Female | AC66: Services | AD66: 71229.42 | AE66: 50k to 100k | AF66: 44166 | AG66: 1 | AH66: Permanent | AI66: Hyderabad, India | AJ66: 3.5561644 | AK66: Full time
B67: PR02010 | C67: Prerana | D67: Nishita | E67: Product Management | F67: 115191.38 | Z67: Ilesh | AA67: Dasgupta | AB67: Female | AC67: Legal | AD67: 61213.01 | AE67: 50k to 100k | AF67: 44365 | AG67: 1 | AH67: Permanent | AI67: Chennai, India | AJ67: 3.0109589 | AK67: Full time
B68: SQ02624 | C68: Gwenneth | D68: Fealey | E68: Engineering | F68: 114772.32 | Z68: Orlando | AA68: Gorstidge | AB68: Male | AC68: Marketing | AD68: 40753.54 | AE68: Under 50k | AF68: 43152 | AG68: 0.6 | AH68: Permanent | AI68: Wellington, New Zealand | AJ68: 6.3342466 | AK68: Part time
B69: VT02801 | C69: Shellysheldon | D69: Mahady | E69: Training | F69: 114691.03 | Z69: Louise | AA69: Lamming | AB69: Female | AC69: Sales | AD69: 41934.71 | AE69: Under 50k | AF69: 43943 | AG69: 1 | AH69: Permanent | AI69: Remote | AJ69: 4.1671233 | AK69: Full time
B70: VT02491 | C70: Alexis | D70: Gotfrey | E70: Engineering | F70: 114465.93 | Z70: Amery | AA70: Ofer | AB70: Female | AC70: Legal | AD70: 111049.84 | AE70: Above 100k | AF70: 44393 | AG70: 1 | AH70: Permanent | AI70: Wellington, New Zealand | AJ70: 2.9342466 | AK70: Full time
B71: TN01281 | C71: Cletus | D71: McGarahan | E71: Engineering | F71: 114425.19 | Z71: Leena | AA71: Bruckshaw | AB71: Male | AC71: Research and Development | AD71: 74279.01 | AE71: 50k to 100k | AF71: 43466 | AG71: 1 | AH71: Permanent | AI71: Wellington, New Zealand | AJ71: 5.4739726 | AK71: Full time
B72: PR00746 | C72: Hogan | D72: Iles | E72: Accounting | F72: 114177.23 | Z72: Verla | AA72: Timmis | AB72: Male | AC72: Support | AD72: 54137.05 | AE72: 50k to 100k | AF72: 43763 | AG72: 1 | AH72: Permanent | AI72: Remote | AJ72: 4.660274 | AK72: Full time
... B106: TN04246 | C106: Shaylyn | D106: Ransbury | E106: Support | F106: 100371.31 | Z106: Indu | AA106: Varada | AB106: Female | AC106: Engineering | AD106: 88425.08 | AE106: 50k to 100k | AF106: 43662 | AG106: 1 | AH106: Permanent | AI106: Hyderabad, India | AJ106: 4.9369863 | AK106: Full time
Z107: Deepit | AA107: Ranjana | AB107: Female | AC107: Marketing | AD107: 104903.79 | AE107: Above 100k | AF107: 43649 | AG107: 1 | AH107: Permanent | AI107: Chennai, India | AJ107: 4.9726027 | AK107: Full time
Z108: Inge | AA108: Creer | AB108: Female | AC108: Services | AD108: 69057.32 | AE108: 50k to 100k | AF108: 43390 | AG108: 1 | AH108: Permanent | AI108: Wellington, New Zealand | AJ108: 5.6821918 | AK108: Full time
Z109: Inge | AA109: Creer | AB109: Female | AC109: Services | AD109: 69057.32 | AE109: 50k to 100k | AF109: 43390 | AG109: 1 | AH109: Permanent | AI109: Wellington, New Zealand | AJ109: 5.6821918 | AK109: Full time
Z110: Kantimoy | AA110: Pritish | AB110: Male | AC110: Product Management | AD110: 77743.15 | AE110: 50k to 100k | AF110: 43920 | AG110: 1 | AH110: Permanent | AI110: Chennai, India | AJ110: 4.230137 | AK110: Full time
Z111: Syd | AA111: Fearn | AB111: Male | AC111: Engineering | AD111: 108872.77 | AE111: Above 100k | AF111: 43521 | AG111: 1 | AH111: Permanent | AI111: Remote | AJ111: 5.3232877 | AK111: Full time
Z112: Gradey | AA112: Litton | AB112: Female | AC112: Accounting | AD112: 68887.84 | AE112: 50k to 100k | AF112: 43297 | AG112: 1 | AH112: Permanent | AI112: Remote | AJ112: 5.9369863 | AK112: Full time
Z113: Felice | AA113: McMurty | AB113: Female | AC113: Product Management | AD113: 66865.49 | AE113: 50k to 100k | AF113: 43514 | AG113: 1 | AH113: Permanent | AI113: Seattle, USA | AJ113: 5.3424658 | AK113: Full time
Z114: Felice | AA114: McMurty | AB114: Female | AC114: Product Management | AD114: 66865.49 | AE114: 50k to 100k | AF114: 43514 | AG114: 1 | AH114: Permanent | AI114: Seattle, USA | AJ114: 5.3424658 | AK114: Full time
Z115: Robinia | AA115: Scholling | AB115: Female | AC115: Human Resources | AD115: 100731.95 | AE115: Above 100k | AF115: 43936 | AG115: 1 | AH115: Permanent | AI115: Auckland, New Zealand | AJ115: 4.1863014 | AK115: Full time
Z116: Ramalingam | AA116: Kothapeta | AB116: Need to check | AC116: Accounting | AD116: 107107.6 | AE116: Above 100k | AF116: 43325 | AG116: 0.9 | AH116: Permanent | AI116: Chennai, India | AJ116: 5.860274 | AK116: Part time
Z117: Freda | AA117: Legan | AB117: Female | AC117: Sales | AD117: 102129.37 | AE117: Above 100k | AF117: 44396 | AG117: 1 | AH117: Permanent | AI117: Columbus, USA | AJ117: 2.9260274 | AK117: Full time
Z118: Amlankusum | AA118: Rajabhushan | AB118: Female | AC118: Legal | AD118: 75733.74 | AE118: 50k to 100k | AF118: 44382 | AG118: 1 | AH118: Permanent | AI118: Hyderabad, India | AJ118: 2.9643836 | AK118: Full time
... Z266: Dell | AA266: Molloy | AB266: Male | AC266: Engineering | AD266: 47362.62 | AE266: Under 50k | AF266: 43973 | AG266: 1 | AH266: Temporary | AI266: Remote | AJ266: 4.0849315 | AK266: Full time
Q304: {=_xlfn.TAKE(_xlfn._xlws.SORT(B5:N52,7,-1),10)} -> Emp ID | R304: First Name | S304: Last Name | T304: Gender | U304: Department | V304: Salary | W304: Salary Bucket | X304: Start Date | Y304: FTE | Z304: Employee type | AA304: Work location | AB304: Tenure | AC304: Work Type
Q305: PR00147 | R305: Minerva | S305: Ricardot | T305: Male | U305: Engineering | V305: 120000 | W305: Above 100k | X305: 43416 | Y305: 1 | Z305: Permanent | AA305: Remote | AB305: 5.6109589 | AC305: Full time
Q306: SQ04612 | R306: Mick | S306: Spraberry | T306: Female | U306: Services | V306: 120000 | W306: Above 100k | X306: 43902 | Y306: 0.9 | Z306: Permanent | AA306: Remote | AB306: 4.2794521 | AC306: Part time
Q307: PR03886 | R307: Edd | S307: MacKnockiter | T307: Male | U307: Accounting | V307: 119022.49 | W307: Above 100k | X307: 44431 | Y307: 1 | Z307: Permanent | AA307: Auckland, New Zealand | AB307: 2.830137 | AC307: Full time
Q308: SQ00144 | R308: Collen | S308: Dunbleton | T308: Male | U308: Engineering | V308: 118976.16 | W308: Above 100k | X308: 44120 | Y308: 1 | Z308: Permanent | AA308: Wellington, New Zealand | AB308: 3.6821918 | AC308: Full time
Q309: SQ02174 | R309: Sidoney | S309: Yitzhok | T309: Female | U309: Engineering | V309: 118442.54 | W309: Above 100k | X309: 44193 | Y309: 1 | Z309: Permanent | AA309: Auckland, New Zealand | AB309: 3.4821918 | AC309: Full time
Q310: VT04093 | R310: Prasanna | S310: Lakshmi | T310: Female | U310: Training | V310: 116767.63 | W310: Above 100k | X310: 43949 | Y310: 0.4 | Z310: Temporary | AA310: Chennai, India | AB310: 4.1506849 | AC310: Part time
Q311: VT04093 | R311: Baruna | S311: Ogale | T311: Female | U311: Training | V311: 116767.63 | W311: Above 100k | X311: 43949 | Y311: 0.4 | Z311: Temporary | AA311: Chennai, India | AB311: 4.1506849 | AC311: Part time
Q312: PR02010 | R312: Prerana | S312: Nishita | T312: Male | U312: Product Management | V312: 115191.38 | W312: Above 100k | X312: 44004 | Y312: 1 | Z312: Permanent | AA312: Hyderabad, India | AB312: 4 | AC312: Full time
Q313: SQ02624 | R313: Gwenneth | S313: Fealey | T313: Female | U313: Engineering | V313: 114772.32 | W313: Above 100k | X313: 44251 | Y313: 1 | Z313: Permanent | AA313: Columbus, USA | AB313: 3.3232877 | AC313: Full time

Sheet Q3 Filter
A1: 3 | B1: All female employees with more than $100k salary | D1: FILTER, * | E1: who joined in 2020 or after…
E3: In The below table all female who have > Than 100K Salary | S3: In the below table all the female who have > 100k salary and joining date after 2020
S4: Salary | T4: 100000 | U4: Gender | V4: Female | W4: Start Date | X4: 43831
E5: {=staff[#Headers]} -> Emp ID | F5: First Name | G5: Last Name | H5: Gender | I5: Department | J5: Salary | K5: Salary Bucket | L5: Start Date | M5: FTE | N5: Employee type | O5: Work location | P5: Tenure | Q5: Work Type | S5: {=staff[#Headers]} -> Emp ID | T5: First Name | U5: Last Name | V5: Gender | W5: Department | X5: Salary | Y5: Salary Bucket | Z5: Start Date | AA5: FTE | AB5: Employee type | AC5: Work location | AD5: Tenure | AE5: Work Type
E6: {=_xlfn._xlws.FILTER(staff[],(staff[Salary]>100000)*(staff[Gender] = "Female"))} -> SQ04612 | F6: Mick | G6: Spraberry | H6: Female | I6: Services | J6: 120000 | K6: Above 100k | L6: 43902 | M6: 0.9 | N6: Permanent | O6: Remote | P6: 4.2794521 | Q6: Part time | S6: {=_xlfn._xlws.FILTER(staff[],(staff[Salary]>T4)*(staff[Gender] = V4)*(staff[Start Date]>=X4))} -> SQ04612 | T6: Mick | U6: Spraberry | V6: Female | W6: Services | X6: 120000 | Y6: Above 100k | Z6: 43902 | AA6: 0.9 | AB6: Permanent | AC6: Remote | AD6: 4.2794521 | AE6: Part time
E7: SQ02174 | F7: Sidoney | G7: Yitzhok | H7: Female | I7: Engineering | J7: 118442.54 | K7: Above 100k | L7: 44193 | M7: 1 | N7: Permanent | O7: Auckland, New Zealand | P7: 3.4821918 | Q7: Full time | S7: SQ02174 | T7: Sidoney | U7: Yitzhok | V7: Female | W7: Engineering | X7: 118442.54 | Y7: Above 100k | Z7: 44193 | AA7: 1 | AB7: Permanent | AC7: Auckland, New Zealand | AD7: 3.4821918 | AE7: Full time
E8: VT04093 | F8: Prasanna | G8: Lakshmi | H8: Female | I8: Training | J8: 116767.63 | K8: Above 100k | L8: 43949 | M8: 0.4 | N8: Temporary | O8: Chennai, India | P8: 4.1506849 | Q8: Part time | S8: VT04093 | T8: Prasanna | U8: Lakshmi | V8: Female | W8: Training | X8: 116767.63 | Y8: Above 100k | Z8: 43949 | AA8: 0.4 | AB8: Temporary | AC8: Chennai, India | AD8: 4.1506849 | AE8: Part time
E9: VT04093 | F9: Baruna | G9: Ogale | H9: Female | I9: Training | J9: 116767.63 | K9: Above 100k | L9: 43949 | M9: 0.4 | N9: Temporary | O9: Chennai, India | P9: 4.1506849 | Q9: Part time | S9: VT04093 | T9: Baruna | U9: Ogale | V9: Female | W9: Training | X9: 116767.63 | Y9: Above 100k | Z9: 43949 | AA9: 0.4 | AB9: Temporary | AC9: Chennai, India | AD9: 4.1506849 | AE9: Part time
E10: SQ02624 | F10: Gwenneth | G10: Fealey | H10: Female | I10: Engineering | J10: 114772.32 | K10: Above 100k | L10: 44251 | M10: 1 | N10: Permanent | O10: Columbus, USA | P10: 3.3232877 | Q10: Full time | S10: SQ02624 | T10: Gwenneth | U10: Fealey | V10: Female | W10: Engineering | X10: 114772.32 | Y10: Above 100k | Z10: 44251 | AA10: 1 | AB10: Permanent | AC10: Columbus, USA | AD10: 3.3232877 | AE10: Full time
E11: TN01281 | F11: Cletus | G11: McGarahan | H11: Female | I11: Engineering | J11: 114425.19 | K11: Above 100k | L11: 43857 | M11: 1 | N11: Permanent | O11: Wellington, New Zealand | P11: 4.4027397 | Q11: Full time | S11: TN01281 | T11: Cletus | U11: McGarahan | V11: Female | W11: Engineering | X11: 114425.19 | Y11: Above 100k | Z11: 43857 | AA11: 1 | AB11: Permanent | AC11: Wellington, New Zealand | AD11: 4.4027397 | AE11: Full time
E12: PR00746 | F12: Hogan | G12: Iles | H12: Female | I12: Accounting | J12: 114177.23 | K12: Above 100k | L12: 43908 | M12: 1 | N12: Permanent | O12: Wellington, New Zealand | P12: 4.2630137 | Q12: Full time | S12: PR00746 | T12: Hogan | U12: Iles | V12: Female | W12: Accounting | X12: 114177.23 | Y12: Above 100k | Z12: 43908 | AA12: 1 | AB12: Permanent | AC12: Wellington, New Zealand | AD12: 4.2630137 | AE12: Full time
E13: SQ00498 | F13: Amery | G13: Ofer | H13: Female | I13: Legal | J13: 111049.84 | K13: Above 100k | L13: 44393 | M13: 1 | N13: Permanent | O13: Wellington, New Zealand | P13: 2.9342466 | Q13: Full time | S13: SQ00498 | T13: Amery | U13: Ofer | V13: Female | W13: Legal | X13: 111049.84 | Y13: Above 100k | Z13: 44393 | AA13: 1 | AB13: Permanent | AC13: Wellington, New Zealand | AD13: 2.9342466 | AE13: Full time
E14: VT04681 | F14: Nickolai | G14: Artin | H14: Female | I14: Product Management | J14: 110906.35 | K14: Above 100k | L14: 43434 | M14: 1 | N14: Temporary | O14: Wellington, New Zealand | P14: 5.5616438 | Q14: Full time | S14: TN00579 | T14: Rafaelita | U14: Blaksland | V14: Female | W14: Services | X14: 109163.39 | Y14: Above 100k | Z14: 44019 | AA14: 0.8 | AB14: Permanent | AC14: Seattle, USA | AD14: 3.9589041 | AE14: Part time
E15: TN00579 | F15: Rafaelita | G15: Blaksland | H15: Female | I15: Services | J15: 109163.39 | K15: Above 100k | L15: 44019 | M15: 0.8 | N15: Permanent | O15: Seattle, USA | P15: 3.9589041 | Q15: Part time | S15: PR02208 | T15: Gowri | U15: Sankar | V15: Female | W15: Training | X15: 102934.09 | Y15: Above 100k | Z15: 44315 | AA15: 1 | AB15: Permanent | AC15: Hyderabad, India | AD15: 3.1479452 | AE15: Full time
E16: VT04552 | F16: Theresita | G16: Chasmer | H16: Female | I16: Product Management | J16: 106665.67 | K16: Above 100k | L16: 43311 | M16: 1 | N16: Temporary | O16: Columbus, USA | P16: 5.8986301 | Q16: Full time | S16: SQ03491 | T16: Freda | U16: Legan | V16: Female | W16: Sales | X16: 102129.37 | Y16: Above 100k | Z16: 44396 | AA16: 1 | AB16: Permanent | AC16: Columbus, USA | AD16: 2.9260274 | AE16: Full time
E17: SQ02703 | F17: Deepit | G17: Ranjana | H17: Female | I17: Marketing | J17: 104903.79 | K17: Above 100k | L17: 43649 | M17: 1 | N17: Permanent | O17: Chennai, India | P17: 4.9726027 | Q17: Full time | S17: SQ03387 | T17: Robinia | U17: Scholling | V17: Female | W17: Human Resources | X17: 100731.95 | Y17: Above 100k | Z17: 43936 | AA17: 1 | AB17: Permanent | AC17: Auckland, New Zealand | AD17: 4.1863014 | AE17: Full time
E18: TN04740 | F18: Tristam | G18: Cuming | H18: Female | I18: Support | J18: 104038.9 | K18: Above 100k | L18: 43815 | M18: 1 | N18: Fixed Term | O18: Remote | P18: 4.5178082 | Q18: Full time | S18: TN04246 | T18: Shaylyn | U18: Ransbury | V18: Female | W18: Support | X18: 100371.31 | Y18: Above 100k | Z18: 44067 | AA18: 0.8 | AB18: Fixed Term | AC18: Auckland, New Zealand | AD18: 3.8273973 | AE18: Part time
E19: PR02208 | F19: Gowri | G19: Sankar | H19: Female | I19: Training | J19: 102934.09 | K19: Above 100k | L19: 44315 | M19: 1 | N19: Permanent | O19: Hyderabad, India | P19: 3.1479452 | Q19: Full time
E20: SQ03491 | F20: Freda | G20: Legan | H20: Female | I20: Sales | J20: 102129.37 | K20: Above 100k | L20: 44396 | M20: 1 | N20: Permanent | O20: Columbus, USA | P20: 2.9260274 | Q20: Full time
E21: VT01684 | F21: Audry | G21: Yu | H21: Female | I21: Training | J21: 101187.36 | K21: Above 100k | L21: 43258 | M21: 1 | N21: Fixed Term | O21: Columbus, USA | P21: 6.0438356 | Q21: Full time
E22: SQ03387 | F22: Robinia | G22: Scholling | H22: Female | I22: Human Resources | J22: 100731.95 | K22: Above 100k | L22: 43936 | M22: 1 | N22: Permanent | O22: Auckland, New Zealand | P22: 4.1863014 | Q22: Full time
E23: TN04246 | F23: Shaylyn | G23: Ransbury | H23: Female | I23: Support | J23: 100371.31 | K23: Above 100k | L23: 44067 | M23: 0.8 | N23: Fixed Term | O23: Auckland, New Zealand | P23: 3.8273973 | Q23: Part time
D32: Only Female Employee Such as greater than 100k salary but we have only req. cloumn - Emp Id to Salary and do not use CHOOSECOLM func.
E35: Salary | F35: 100000 | G35: Gender | H35: Female
D36: {=staff[[#Headers],[Emp ID]:[Salary]]} -> Emp ID | E36: First Name | F36: Last Name | G36: Gender | H36: Department | I36: Salary
D37: {=_xlfn._xlws.FILTER(staff[[Emp ID]:[Salary]],(staff[Salary]>F35)*(staff[Gender] = H35))} -> SQ04612 | E37: Mick | F37: Spraberry | G37: Female | H37: Services | I37: 120000
D38: SQ02174 | E38: Sidoney | F38: Yitzhok | G38: Female | H38: Engineering | I38: 118442.54
D39: VT04093 | E39: Prasanna | F39: Lakshmi | G39: Female | H39: Training | I39: 116767.63
D40: VT04093 | E40: Baruna | F40: Ogale | G40: Female | H40: Training | I40: 116767.63
D41: SQ02624 | E41: Gwenneth | F41: Fealey | G41: Female | H41: Engineering | I41: 114772.32
D42: TN01281 | E42: Cletus | F42: McGarahan | G42: Female | H42: Engineering | I42: 114425.19
D43: PR00746 | E43: Hogan | F43: Iles | G43: Female | H43: Accounting | I43: 114177.23
D44: SQ00498 | E44: Amery | F44: Ofer | G44: Female | H44: Legal | I44: 111049.84
D45: VT04681 | E45: Nickolai | F45: Artin | G45: Female | H45: Product Management | I45: 110906.35
D46: TN00579 | E46: Rafaelita | F46: Blaksland | G46: Female | H46: Services | I46: 109163.39
D47: VT04552 | E47: Theresita | F47: Chasmer | G47: Female | H47: Product Management | I47: 106665.67
D48: SQ02703 | E48: Deepit | F48: Ranjana | G48: Female | H48: Marketing | I48: 104903.79
D49: TN04740 | E49: Tristam | F49: Cuming | G49: Female | H49: Support | I49: 104038.9
... D54: TN04246 | E54: Shaylyn | F54: Ransbury | G54: Female | H54: Support | I54: 100371.31

Sheet Q4 Min, Max, Sort+Take
A2: Lowest, Highest and top 5 salary values
E6: using minifs form
C7: All Emps | D7: Male | E7: Male | F7: Female | G7: Female | O7: 1 | P7: 2 | Q7: 3 | R7: 4 | S7: 5 | T7: 6 | U7: 7 | V7: 8 | W7: 9 | X7: 10 | Y7: 11 | Z7: 12 | AA7: 13
B8: Lowest Salary | C8: =MIN(staff[Salary]) -> 28160.79 | D8: {=MIN(_xlfn._xlws.FILTER(staff[Salary],(staff[Gender] = D7)))} -> 28160.79 | E8: =_xlfn.MINIFS(staff[Salary],staff[Gender],E$7) -> 28160.79 | F8: {=MIN(_xlfn._xlws.FILTER(staff[Salary],(staff[Gender] = F7)))} -> 28305.08 | G8: =_xlfn.MINIFS(staff[Salary],staff[Gender],G$7) -> 28305.08 | I8: {=_xlfn.SEQUENCE(10)} -> 1 | O8: {=staff[#Headers]} -> Emp ID | P8: First Name | Q8: Last Name | R8: Gender | S8: Department | T8: Salary | U8: Salary Bucket | V8: Start Date | W8: FTE | X8: Employee type | Y8: Work location | Z8: Tenure | AA8: Work Type
B9: Highest Salary | C9: =MAX(staff[Salary]) -> 120000 | D9: {=MAX(_xlfn._xlws.FILTER(staff[Salary],staff[Gender]=D7))} -> 120000 | E9: =_xlfn.MAXIFS(staff[Salary],staff[Gender],E$7) -> 120000 | F9: {=MAX(_xlfn._xlws.FILTER(staff[Salary],staff[Gender]=F7))} -> 120000 | G9: =_xlfn.MAXIFS(staff[Salary],staff[Gender],G$7) -> 120000 | I9: 2 | O9: {=staff[]} -> PR00147 | P9: Minerva | Q9: Ricardot | R9: Male | S9: Engineering | T9: 120000 | U9: Above 100k | V9: 43416 | W9: 1 | X9: Permanent | Y9: Remote | Z9: 5.6109589 | AA9: Full time
B10: Top 10 Salaries | C10: =LARGE(staff[Salary],I8) -> 120000 | D10: {=LARGE(_xlfn._xlws.FILTER(staff[Salary],staff[Gender]=$D$7),I8)} -> 120000 | F10: {=LARGE(_xlfn._xlws.FILTER(staff[Salary],staff[Gender]=$F$7),I8)} -> 120000 | I10: 3 | O10: SQ04612 | P10: Mick | Q10: Spraberry | R10: Female | S10: Services | T10: 120000 | U10: Above 100k | V10: 43902 | W10: 0.9 | X10: Permanent | Y10: Remote | Z10: 4.2794521 | AA10: Part time
C11: =LARGE(staff[Salary],I9) -> 120000 | D11: {=LARGE(_xlfn._xlws.FILTER(staff[Salary],staff[Gender]=$D$7),I9)} -> 119022.49 | F11: {=LARGE(_xlfn._xlws.FILTER(staff[Salary],staff[Gender]=$F$7),I9)} -> 118442.54 | I11: 4 | O11: PR03886 | P11: Edd | Q11: MacKnockiter | R11: Male | S11: Accounting | T11: 119022.49 | U11: Above 100k | V11: 44431 | W11: 1 | X11: Permanent | Y11: Auckland, New Zealand | Z11: 2.830137 | AA11: Full time
C12: =LARGE(staff[Salary],I10) -> 119022.49 | D12: {=LARGE(_xlfn._xlws.FILTER(staff[Salary],staff[Gender]=$D$7),I10)} -> 118976.16 | F12: {=LARGE(_xlfn._xlws.FILTER(staff[Salary],staff[Gender]=$F$7),I10)} -> 116767.63 | I12: 5 | O12: SQ00144 | P12: Collen | Q12: Dunbleton | R12: Male | S12: Engineering | T12: 118976.16 | U12: Above 100k | V12: 44120 | W12: 1 | X12: Permanent | Y12: Wellington, New Zealand | Z12: 3.6821918 | AA12: Full time
C13: =LARGE(staff[Salary],I11) -> 118976.16 | D13: {=LARGE(_xlfn._xlws.FILTER(staff[Salary],staff[Gender]=$D$7),I11)} -> 115191.38 | F13: {=LARGE(_xlfn._xlws.FILTER(staff[Salary],staff[Gender]=$F$7),I11)} -> 116767.63 | I13: 6 | O13: SQ02174 | P13: Sidoney | Q13: Yitzhok | R13: Female | S13: Engineering | T13: 118442.54 | U13: Above 100k | V13: 44193 | W13: 1 | X13: Permanent | Y13: Auckland, New Zealand | Z13: 3.4821918 | AA13: Full time | AE13: Gender | AF13: Female | AG13: No.s | AH13: 8
C14: =LARGE(staff[Salary],I12) -> 118442.54 | D14: {=LARGE(_xlfn._xlws.FILTER(staff[Salary],staff[Gender]=$D$7),I12)} -> 114691.03 | F14: {=LARGE(_xlfn._xlws.FILTER(staff[Salary],staff[Gender]=$F$7),I12)} -> 114772.32 | I14: 7 | O14: VT04093 | P14: Prasanna | Q14: Lakshmi | R14: Female | S14: Training | T14: 116767.63 | U14: Above 100k | V14: 43949 | W14: 0.4 | X14: Temporary | Y14: Chennai, India | Z14: 4.1506849 | AA14: Part time
C15: =LARGE(staff[Salary],I13) -> 116767.63 | D15: {=LARGE(_xlfn._xlws.FILTER(staff[Salary],staff[Gender]=$D$7),I13)} -> 114465.93 | F15: {=LARGE(_xlfn._xlws.FILTER(staff[Salary],staff[Gender]=$F$7),I13)} -> 114425.19 | I15: 8 | O15: VT04093 | P15: Baruna | Q15: Ogale | R15: Female | S15: Training | T15: 116767.63 | U15: Above 100k | V15: 43949 | W15: 0.4 | X15: Temporary | Y15: Chennai, India | Z15: 4.1506849 | AA15: Part time | AF15: {=_xlfn.TAKE(_xlfn._xlws.SORT(_xlfn._xlws.FILTER(T9:T268,R9:R268=AF13),,-1),AH13)} -> 120000
C16: =LARGE(staff[Salary],I14) -> 116767.63 | D16: {=LARGE(_xlfn._xlws.FILTER(staff[Salary],staff[Gender]=$D$7),I14)} -> 113747.56 | F16: {=LARGE(_xlfn._xlws.FILTER(staff[Salary],staff[Gender]=$F$7),I14)} -> 114177.23 | I16: 9 | O16: PR02010 | P16: Prerana | Q16: Nishita | R16: Male | S16: Product Management | T16: 115191.38 | U16: Above 100k | V16: 44004 | W16: 1 | X16: Permanent | Y16: Hyderabad, India | Z16: 4 | AA16: Full time | AF16: 118442.54
C17: =LARGE(staff[Salary],I15) -> 115191.38 | D17: {=LARGE(_xlfn._xlws.FILTER(staff[Salary],staff[Gender]=$D$7),I15)} -> 113747.56 | F17: {=LARGE(_xlfn._xlws.FILTER(staff[Salary],staff[Gender]=$F$7),I15)} -> 111049.84 | I17: 10 | O17: SQ02624 | P17: Gwenneth | Q17: Fealey | R17: Female | S17: Engineering | T17: 114772.32 | U17: Above 100k | V17: 44251 | W17: 1 | X17: Permanent | Y17: Columbus, USA | Z17: 3.3232877 | AA17: Full time | AF17: 116767.63
C18: =LARGE(staff[Salary],I16) -> 114772.32 | D18: {=LARGE(_xlfn._xlws.FILTER(staff[Salary],staff[Gender]=$D$7),I16)} -> 113616.23 | F18: {=LARGE(_xlfn._xlws.FILTER(staff[Salary],staff[Gender]=$F$7),I16)} -> 110906.35 | O18: VT02801 | P18: Shellysheldon | Q18: Mahady | R18: Male | S18: Training | T18: 114691.03 | U18: Above 100k | V18: 44039 | W18: 1 | X18: Temporary | Y18: Wellington, New Zealand | Z18: 3.9041096 | AA18: Full time | AF18: 116767.63
C19: =LARGE(staff[Salary],I17) -> 114691.03 | D19: {=LARGE(_xlfn._xlws.FILTER(staff[Salary],staff[Gender]=$D$7),I17)} -> 112778.28 | F19: {=LARGE(_xlfn._xlws.FILTER(staff[Salary],staff[Gender]=$F$7),I17)} -> 109163.39 | O19: VT02491 | P19: Alexis | Q19: Gotfrey | R19: Male | S19: Engineering | T19: 114465.93 | U19: Above 100k | V19: 43291 | W19: 1 | X19: Temporary | Y19: Wellington, New Zealand | Z19: 5.9534247 | AA19: Full time | AF19: 114772.32
O20: TN01281 | P20: Cletus | Q20: McGarahan | R20: Female | S20: Engineering | T20: 114425.19 | U20: Above 100k | V20: 43857 | W20: 1 | X20: Permanent | Y20: Wellington, New Zealand | Z20: 4.4027397 | AA20: Full time | AF20: 114425.19
O21: PR00746 | P21: Hogan | Q21: Iles | R21: Female | S21: Accounting | T21: 114177.23 | U21: Above 100k | V21: 43908 | W21: 1 | X21: Permanent | Y21: Wellington, New Zealand | Z21: 4.2630137 | AA21: Full time | AF21: 114177.23
F22: Female | G22: Male | O22: VT03421 | P22: Alic | Q22: Bagg | R22: Male | S22: Legal | T22: 113747.56 | U22: Above 100k | V22: 44270 | W22: 0.7 | X22: Temporary | Y22: Columbus, USA | Z22: 3.2712329 | AA22: Part time | AF22: 111049.84
B23: Top 5 Salaries | C23: {=_xlfn.TAKE(_xlfn._xlws.SORT(staff[Salary],,-1),J23)} -> 120000 | D23: {=_xlfn.TAKE(_xlfn._xlws.SORT(_xlfn._xlws.FILTER(staff[Salary],staff[Gender]=G22),,-1),J23)} -> 120000 | F23: {=_xlfn.TAKE(_xlfn._xlws.SORT(_xlfn._xlws.FILTER(staff[Salary],staff[Gender]=F22),,-1),J23)} -> 120000 | J23: 10 | O23: VT03421 | P23: Alic | Q23: Bagg | R23: Male | S23: Legal | T23: 113747.56 | U23: Above 100k | V23: 44270 | W23: 0.7 | X23: Temporary | Y23: Columbus, USA | Z23: 3.2712329 | AA23: Part time
B24: With Sort + Take | C24: 120000 | D24: 119022.49 | F24: 118442.54 | O24: SQ01620 | P24: Westbrook | Q24: Brandino | R24: Male | S24: Legal | T24: 113616.23 | U24: Above 100k | V24: 43255 | W24: 1 | X24: Permanent | Y24: Remote | Z24: 6.0520548 | AA24: Full time
C25: 119022.49 | D25: 118976.16 | F25: 116767.63 | O25: VT01893 | P25: Lindy | Q25: Guillet | R25: Male | S25: Training | T25: 112778.28 | U25: Above 100k | V25: 43250 | W25: 1 | X25: Fixed Term | Y25: Remote | Z25: 6.0657534 | AA25: Full time
C26: 118976.16 | D26: 115191.38 | F26: 116767.63 | O26: VT01893 | P26: Lindy | Q26: Guillet | R26: Male | S26: Training | T26: 112778.28 | U26: Above 100k | V26: 43250 | W26: 1 | X26: Fixed Term | Y26: Remote | Z26: 6.0657534 | AA26: Full time | AE26: Gender | AF26: Male | AG26: No. Of Emp | AH26: 10
C27: 118442.54 | D27: 114691.03 | F27: 114772.32 | O27: PR01159 | P27: Mollie | Q27: Hanway | R27: Male | S27: Engineering | T27: 112645.99 | U27: Above 100k | V27: 43759 | W27: 0.6 | X27: Permanent | Y27: Seattle, USA | Z27: 4.6712329 | AA27: Part time
C28: 116767.63 | D28: 114465.93 | F28: 114425.19 | O28: VT04028 | P28: Michale | Q28: Rolf | R28: Male | S28: Services | T28: 111815.49 | U28: Above 100k | V28: 43895 | W28: 0.7 | X28: Temporary | Y28: Remote | Z28: 4.2986301 | AA28: Part time | AD28: {=_xlfn.CHOOSECOLS(_xlfn.TAKE(_xlfn._xlws.SORT(_xlfn._xlws.FILTER(O9:AA268,R9:R268=AF26),6,-1),AH26),1,2,3,4,6,8)} -> PR00147 | AE28: Minerva | AF28: Ricardot | AG28: Male | AH28: 120000 | AI28: 43416
C29: 116767.63 | D29: 113747.56 | F29: 114177.23 | O29: VT04028 | P29: Michale | Q29: Rolf | R29: Male | S29: Services | T29: 111815.49 | U29: Above 100k | V29: 43895 | W29: 0.7 | X29: Temporary | Y29: Remote | Z29: 4.2986301 | AA29: Part time | AD29: PR03886 | AE29: Edd | AF29: MacKnockiter | AG29: Male | AH29: 119022.49 | AI29: 44431
C30: 115191.38 | D30: 113747.56 | F30: 111049.84 | O30: SQ04603 | P30: Natalee | Q30: Craiker | R30: Male | S30: Product Management | T30: 111229.47 | U30: Above 100k | V30: 43402 | W30: 1 | X30: Permanent | Y30: Remote | Z30: 5.6493151 | AA30: Full time | AD30: SQ00144 | AE30: Collen | AF30: Dunbleton | AG30: Male | AH30: 118976.16 | AI30: 44120
C31: 114772.32 | D31: 113616.23 | F31: 110906.35 | O31: SQ00498 | P31: Amery | Q31: Ofer | R31: Female | S31: Legal | T31: 111049.84 | U31: Above 100k | V31: 44393 | W31: 1 | X31: Permanent | Y31: Wellington, New Zealand | Z31: 2.9342466 | AA31: Full time | AD31: PR02010 | AE31: Prerana | AF31: Nishita | AG31: Male | AH31: 115191.38 | AI31: 44004
C32: 114691.03 | D32: 112778.28 | F32: 109163.39 | O32: VT04681 | P32: Nickolai | Q32: Artin | R32: Female | S32: Product Management | T32: 110906.35 | U32: Above 100k | V32: 43434 | W32: 1 | X32: Temporary | Y32: Wellington, New Zealand | Z32: 5.5616438 | AA32: Full time | AD32: VT02801 | AE32: Shellysheldon | AF32: Mahady | AG32: Male | AH32: 114691.03 | AI32: 44039
O33: SQ00022 | P33: Carlin | Q33: Demke | R33: Male | S33: Business Development | T33: 110042.37 | U33: Above 100k | V33: 43914 | W33: 1 | X33: Permanent | Y33: Columbus, USA | Z33: 4.2465753 | AA33: Full time | AD33: VT02491 | AE33: Alexis | AF33: Gotfrey | AG33: Male | AH33: 114465.93 | AI33: 43291
O34: TN00579 | P34: Rafaelita | Q34: Blaksland | R34: Female | S34: Services | T34: 109163.39 | U34: Above 100k | V34: 44019 | W34: 0.8 | X34: Permanent | Y34: Seattle, USA | Z34: 3.9589041 | AA34: Part time | AD34: VT03421 | AE34: Alic | AF34: Bagg | AG34: Male | AH34: 113747.56 | AI34: 44270
O35: SQ03733 | P35: Revkah | Q35: Antonacci | R35: Male | S35: Engineering | T35: 109143.17 | U35: Above 100k | V35: 43945 | W35: 1 | X35: Permanent | Y35: Wellington, New Zealand | Z35: 4.1616438 | AA35: Full time | AD35: VT03421 | AE35: Alic | AF35: Bagg | AG35: Male | AH35: 113747.56 | AI35: 44270
O36: SQ03116 | P36: Syd | Q36: Fearn | R36: Male | S36: Engineering | T36: 108872.77 | U36: Above 100k | V36: 43521 | W36: 1 | X36: Permanent | Y36: Remote | Z36: 5.3232877 | AA36: Full time | AD36: SQ01620 | AE36: Westbrook | AF36: Brandino | AG36: Male | AH36: 113616.23 | AI36: 43255
O37: SQ03476 | P37: Ramalingam | Q37: Kothapeta | R37: Need to check | S37: Accounting | T37: 107107.6 | U37: Above 100k | V37: 43325 | W37: 0.9 | X37: Permanent | Y37: Chennai, India | Z37: 5.860274 | AA37: Part time | AD37: VT01893 | AE37: Lindy | AF37: Guillet | AG37: Male | AH37: 112778.28 | AI37: 43250
O38: TN04058 | P38: Subbarao | Q38: Malladi | R38: Male | S38: Product Management | T38: 106775.14 | U38: Above 100k | V38: 43563 | W38: 1 | X38: Fixed Term | Y38: Hyderabad, India | Z38: 5.2082192 | AA38: Full time
O39: TN04058 | P39: Vasu | Q39: Nandin | R39: Male | S39: Product Management | T39: 106775.14 | U39: Above 100k | V39: 43563 | W39: 1 | X39: Fixed Term | Y39: Hyderabad, India | Z39: 5.2082192 | AA39: Full time
O40: VT04552 | P40: Theresita | Q40: Chasmer | R40: Female | S40: Product Management | T40: 106665.67 | U40: Above 100k | V40: 43311 | W40: 1 | X40: Temporary | Y40: Columbus, USA | Z40: 5.8986301 | AA40: Full time
O41: VT04350 | P41: Kulbhushan | Q41: Moorthy | R41: Male | S41: Business Development | T41: 106400.02 | U41: Above 100k | V41: 44021 | W41: 1 | X41: Temporary | Y41: Chennai, India | Z41: 3.9534247 | AA41: Full time
O42: VT04350 | P42: Lalit | Q42: Kothari | R42: Male | S42: Business Development | T42: 106400.02 | U42: Above 100k | V42: 44021 | W42: 1 | X42: Temporary | Y42: Chennai, India | Z42: 3.9534247 | AA42: Full time
O43: SQ02703 | P43: Deepit | Q43: Ranjana | R43: Female | S43: Marketing | T43: 104903.79 | U43: Above 100k | V43: 43649 | W43: 1 | X43: Permanent | Y43: Chennai, India | Z43: 4.9726027 | AA43: Full time
O44: PR04601 | P44: Yedukondalu | Q44: Panditula | R44: Need to check | S44: Support | T44: 104802.63 | U44: Above 100k | V44: 44502 | W44: 1 | X44: Permanent | Y44: Hyderabad, India | Z44: 2.6356164 | AA44: Full time
O45: PR02288 | P45: Althea | Q45: Bronger | R45: Male | S45: Product Management | T45: 104335.04 | U45: Above 100k | V45: 43874 | W45: 1 | X45: Permanent | Y45: Columbus, USA | Z45: 4.3561644 | AA45: Full time
O46: TN04740 | P46: Tristam | Q46: Cuming | R46: Female | S46: Support | T46: 104038.9 | U46: Above 100k | V46: 43815 | W46: 1 | X46: Fixed Term | Y46: Remote | Z46: 4.5178082 | AA46: Full time
O47: SQ02035 | P47: Anni | Q47: Izzard | R47: Male | S47: Human Resources | T47: 103494.94 | U47: Above 100k | V47: 43256 | W47: 1 | X47: Permanent | Y47: Remote | Z47: 6.0493151 | AA47: Full time
O48: SQ02035 | P48: Anni | Q48: Izzard | R48: Male | S48: Human Resources | T48: 103494.94 | U48: Above 100k | V48: 43256 | W48: 1 | X48: Permanent | Y48: Remote | Z48: 6.0493151 | AA48: Full time
O49: PR02208 | P49: Gowri | Q49: Sankar | R49: Female | S49: Training | T49: 102934.09 | U49: Above 100k | V49: 44315 | W49: 1 | X49: Permanent | Y49: Hyderabad, India | Z49: 3.1479452 | AA49: Full time
... O268: VT04373 | P268: Edi | Q268: Hofton | R268: Male | S268: Research and Development | T268: 28160.79 | U268: Under 50k | V268: 43129 | W268: 1 | X268: Temporary | Y268: Remote | Z268: 6.3972603 | AA268: Full time

Sheet Q5 Unique CountA
A1: 5 | B1: List of all departments | D1: UNIQUE, COUNTA, #, TEXTJOIN | E1: All depts in one cell, comma seperated
I4: All Deparment in cell with comma seprated
B5: Department | F5: count | G5: =COUNTA(_xlfn.ANCHORARRAY(B6)) -> 13 | I5: Department
B6: {=_xlfn._xlws.SORT(_xlfn.UNIQUE(staff[Department]),,1)} -> Accounting | F6: Through textjoin form. | I6: =_xlfn.TEXTJOIN(", ",TRUE,_xlfn.ANCHORARRAY(B6)) -> Accounting, Business Development, Business Growth, Engineering, Human Resources, Legal, Marketing, Product Management, Research and Development, Sales, Services, Support, Training
B7: Business Development
B8: Business Growth
B9: Engineering
B10: Human Resources
B11: Legal
B12: Marketing
B13: Product Management
B14: Research and Development
B15: Sales
B16: Services
B17: Support
B18: Training

Sheet Q6 Vlookup INDEX
A1: 6 | B1: Employee details lookup | D1: VLOOKUP, INDEX + MATCH
A2: 7 | B2: Employee details lookup | D2: XLOOKUP, IFERROR | E2: Find all employees with 120,000 salary
C4: Employee Lookup
C5: VLOOKUP
C6: Employee ID | D6: PR00419 | O6: Emp ID | P6: First Name | Q6: Last Name | R6: Gender | S6: Department | T6: Salary | U6: Salary Bucket | V6: Start Date | W6: FTE | X6: Employee type | Y6: Work location | Z6: Tenure | AA6: Work Type
F7: USING XLOOKUP | O7: PR00007 | P7: Torrance | Q7: Collier | R7: Female | S7: Training | T7: 96135.75 | U7: 50k to 100k | V7: 44025 | W7: 0.3 | X7: Permanent | Y7: Wellington, New Zealand | Z7: 3.9424658 | AA7: Part time
C8: This table works from staff table | O8: PR00095 | P8: Devrat | Q8: Damarsingh | R8: Female | S8: Business Development | T8: 70649.46 | U8: 50k to 100k | V8: 43843 | W8: 1 | X8: Permanent | Y8: Hyderabad, India | Z8: 4.4410959 | AA8: Full time
B9: 2 | C9: First Name | D9: =IFERROR(VLOOKUP(D$6,staff[],B9,),"Not Found") -> Billi | E9: =VLOOKUP(D$6,staff[],B9,FALSE) -> Billi | F9: =_xlfn.XLOOKUP(D$6,staff[Emp ID],staff[First Name]) -> Billi | O9: PR00113 | P9: Van | Q9: Tuxwell | R9: Female | S9: Business Growth | T9: 80695.74 | U9: 50k to 100k | V9: 43360 | W9: 1 | X9: Permanent | Y9: Columbus, USA | Z9: 5.7643836 | AA9: Full time
B10: 3 | C10: Last Name | D10: =IFERROR(VLOOKUP(D$6,staff[],B10,),"Not Found") -> Fellgate | E10: =VLOOKUP(D$6,staff[],B10,FALSE) -> Fellgate | F10: =_xlfn.XLOOKUP(D$6,staff[Emp ID],staff[Last Name]) -> Fellgate | O10: PR00113 | P10: Van | Q10: Tuxwell | R10: Female | S10: Business Development | T10: 80695.74 | U10: 50k to 100k | V10: 43360 | W10: 1 | X10: Permanent | Y10: Columbus, USA | Z10: 5.7643836 | AA10: Full time
B11: 5 | C11: Department | D11: =IFERROR(VLOOKUP(D$6,staff[],B11,),"Not Found") -> Business Development | E11: =VLOOKUP(D$6,staff[],B11,FALSE) -> Business Development | F11: =_xlfn.XLOOKUP(D$6,staff[Emp ID],staff[Department]) -> Business Development | O11: PR00147 | P11: Minerva | Q11: Ricardot | R11: Male | S11: Engineering | T11: 120000 | U11: Above 100k | V11: 43416 | W11: 1 | X11: Permanent | Y11: Remote | Z11: 5.6109589 | AA11: Full time
B12: 6 | C12: Salary | D12: =IFERROR(VLOOKUP(D$6,staff[],B12,),"Not Found") -> 68980.52 | E12: =VLOOKUP(D$6,staff[],B12,FALSE) -> 68980.52 | F12: =_xlfn.XLOOKUP(D$6,staff[Emp ID],staff[Salary]) -> 68980.52 | O12: PR00246 | P12: Husein | Q12: Augar | R12: Female | S12: Marketing | T12: 67905.8 | U12: 50k to 100k | V12: 44194 | W12: 1 | X12: Permanent | Y12: Remote | Z12: 3.4794521 | AA12: Full time
K13: Using VLOOKUP | M13: XLOOKUP | O13: PR00419 | P13: Billi | Q13: Fellgate | R13: Female | S13: Business Development | T13: 68980.52 | U13: 50k to 100k | V13: 43494 | W13: 0.8 | X13: Permanent | Y13: Remote | Z13: 5.3972603 | AA13: Part time | AE13: PR00113
O14: PR00576 | P14: Lalitchandra | Q14: Vadali | R14: Female | S14: Legal | T14: 63705.4 | U14: 50k to 100k | V14: 43682 | W14: 1 | X14: Permanent | Y14: Hyderabad, India | Z14: 4.8821918 | AA14: Full time
K15: This works from side table | O15: PR00746 | P15: Hogan | Q15: Iles | R15: Female | S15: Accounting | T15: 114177.23 | U15: Above 100k | V15: 43908 | W15: 1 | X15: Permanent | Y15: Wellington, New Zealand | Z15: 4.2630137 | AA15: Full time
C16: Using Index and Match Formula | K16: First Name | L16: =VLOOKUP(D6,O6:AA266,2,FALSE) -> Billi | M16: =_xlfn.XLOOKUP($D$6,$O$6:$O$266,P6:P266,"Not Found") -> Billi | O16: PR00770 | P16: Beryl | Q16: Burnsyde | R16: Male | S16: Legal | T16: 29774.76 | U16: Under 50k | V16: 44105 | W16: 1 | X16: Permanent | Y16: Wellington, New Zealand | Z16: 3.7232877 | AA16: Full time | AE16: {=IFERROR(VLOOKUP(AE13,O6:AA266,{2,3,5,6},FALSE),"Not Found")} -> Van | AF16: Tuxwell | AG16: Business Growth | AH16: 80695.74
K17: Last Name | L17: =VLOOKUP(D6,O6:AA266,3,FALSE) -> Fellgate | M17: =_xlfn.XLOOKUP($D$6,$O$6:$O$266,Q6:Q266) -> Fellgate | O17: PR00882 | P17: Jill | Q17: Shipsey | R17: Male | S17: Accounting | T17: 52963.65 | U17: 50k to 100k | V17: 44288 | W17: 0.3 | X17: Permanent | Y17: Columbus, USA | Z17: 3.2219178 | AA17: Part time
C18: Last Name | D18: Iles | F18: XLOOKUP | K18: Department | L18: =VLOOKUP(D6,O6:AA266,5,FALSE) -> Business Development | M18: =_xlfn.XLOOKUP($D$6,$O$6:$O$266,S6:S266) -> Business Development | O18: PR00893 | P18: Vasavi | Q18: Veeravasarapu | R18: Male | S18: Human Resources | T18: 50310.09 | U18: 50k to 100k | V18: 44285 | W18: 0.4 | X18: Permanent | Y18: Hyderabad, India | Z18: 3.230137 | AA18: Part time
E19: match | F19: =MATCH(D18,staff[Last Name],0) -> 13 | K19: Salary | L19: =VLOOKUP(D6,O6:AA266,6,FALSE) -> 68980.52 | M19: =_xlfn.XLOOKUP($D$6,$O$6:$O$266,T6:T266) -> 68980.52 | O19: PR00916 | P19: Inger | Q19: Chapelhow | R19: Female | S19: Research and Development | T19: 84309.95 | U19: 50k to 100k | V19: 44501 | W19: 1 | X19: Permanent | Y19: Remote | Z19: 2.6383562 | AA19: Full time
C20: Emp ID | D20: {=INDEX(staff[Emp ID],F$19)} -> PR00746 | E20: =INDEX(staff[Emp ID],MATCH(D18,staff[Last Name],0)) -> PR00746 | F20: =_xlfn.XLOOKUP(D$18,staff[Last Name],staff[Emp ID],"Not Found") -> PR00746 | O20: PR01055 | P20: Devasree | Q20: Fullara | R20: Male | S20: Accounting | T20: 35936.31 | U20: Under 50k | V20: 43241 | W20: 1 | X20: Permanent | Y20: Chennai, India | Z20: 6.090411 | AA20: Full time
C21: Department | D21: {=INDEX(staff[Department],F19)} -> Accounting | E21: =INDEX(staff[Department],MATCH(D18,staff[Last Name],0)) -> Accounting | F21: =_xlfn.XLOOKUP(D$18,staff[Last Name],staff[Department],"Not Found") -> Accounting | O21: PR01159 | P21: Mollie | Q21: Hanway | R21: Male | S21: Engineering | T21: 112645.99 | U21: Above 100k | V21: 43759 | W21: 0.6 | X21: Permanent | Y21: Seattle, USA | Z21: 4.6712329 | AA21: Part time
C22: Salary | D22: {=INDEX(staff[Salary],F19)} -> 114177.23 | E22: =INDEX(staff[Salary],MATCH(D18,staff[Last Name],0)) -> 114177.23 | F22: =_xlfn.XLOOKUP(D$18,staff[Last Name],staff[Salary],"Not Found") -> 114177.23 | O22: PR01211 | P22: Enoch | Q22: Dowrey | R22: Male | S22: Accounting | T22: 91645.04 | U22: 50k to 100k | V22: 44223 | W22: 1 | X22: Permanent | Y22: Auckland, New Zealand | Z22: 3.4 | AA22: Full time
C23: first name | E23: =INDEX(staff[First Name],MATCH(D18,staff[Last Name],0)) -> Hogan | F23: =_xlfn.XLOOKUP(D$18,staff[Last Name],staff[First Name],"Not Found") -> Hogan | J23: Using Index and Match Formula | O23: PR01269 | P23: Eleonore | Q23: Airdrie | R23: Female | S23: Engineering | T23: 97105.19 | U23: 50k to 100k | V23: 44425 | W23: 1 | X23: Permanent | Y23: Columbus, USA | Z23: 2.8465753 | AA23: Full time
O24: PR01306 | P24: Patti | Q24: Dradey | R24: Male | S24: Services | T24: 84742.86 | U24: 50k to 100k | V24: 44098 | W24: 1 | X24: Permanent | Y24: Auckland, New Zealand | Z24: 3.7424658 | AA24: Full time
J25: First Name | K25: Isaak | O25: PR01346 | P25: Adolph | Q25: McNalley | R25: Male | S25: Business Development | T25: 85918.61 | U25: 50k to 100k | V25: 43136 | W25: 1 | X25: Permanent | Y25: Columbus, USA | Z25: 6.3780822 | AA25: Full time
L26: =MATCH(K25,P7:P266,0) -> 36 | M26: XLOOKUP | O26: PR01383 | P26: Addi | Q26: Studdeard | R26: Female | S26: Product Management | T26: 72502.61 | U26: 50k to 100k | V26: 44235 | W26: 1 | X26: Permanent | Y26: Wellington, New Zealand | Z26: 3.3671233 | AA26: Full time
J27: Emp ID | K27: {=INDEX(O7:O266,L26)} -> PR02782 | L27: =INDEX(O7:O266,MATCH(K25,P7:P266,0)) -> PR02782 | M27: =_xlfn.XLOOKUP(K$25,$P$6:$P$266,O6:O266,"Not Found") -> PR02782 | O27: PR01476 | P27: Jaishree | Q27: Atasi | R27: Male | S27: Services | T27: 77096.05 | U27: 50k to 100k | V27: 43217 | W27: 1 | X27: Permanent | Y27: Chennai, India | Z27: 6.1561644 | AA27: Full time
J28: Department | K28: {=INDEX(S7:S266,L26)} -> Marketing | L28: =INDEX(S7:S266,MATCH(K25,P7:P266,0)) -> Marketing | M28: =_xlfn.XLOOKUP(K$25,$P$6:$P$266,S6:S266,"Not Found") -> Marketing | O28: PR01662 | P28: Genevra | Q28: Friday | R28: Female | S28: Research and Development | T28: 50449.46 | U28: 50k to 100k | V28: 43418 | W28: 0.8 | X28: Permanent | Y28: Auckland, New Zealand | Z28: 5.6054795 | AA28: Part time
J29: Salary | K29: {=INDEX(T7:T266,L26)} -> 37362.3 | L29: =INDEX(T7:T266,MATCH(K25,P7:P266,0)) -> 37362.3 | M29: =_xlfn.XLOOKUP(K$25,$P$6:$P$266,T6:T266,"Not Found") -> 37362.3 | O29: PR01943 | P29: Rameshwari | Q29: Chikodi | R29: Male | S29: Human Resources | T29: 48525.71 | U29: Under 50k | V29: 43264 | W29: 1 | X29: Permanent | Y29: Hyderabad, India | Z29: 6.0273973 | AA29: Full time
O30: PR01956 | P30: Jamesy | Q30: O'Ferris | R30: Male | S30: Accounting | T30: 36547.58 | U30: Under 50k | V30: 43416 | W30: 1 | X30: Permanent | Y30: Remote | Z30: 5.6109589 | AA30: Full time
O31: PR01956 | P31: Jamesy | Q31: O'Ferris | R31: Male | S31: Accounting | T31: 36547.58 | U31: Under 50k | V31: 43416 | W31: 1 | X31: Permanent | Y31: Remote | Z31: 5.6109589 | AA31: Full time
O32: PR02010 | P32: Prerana | Q32: Nishita | R32: Male | S32: Product Management | T32: 115191.38 | U32: Above 100k | V32: 44004 | W32: 1 | X32: Permanent | Y32: Hyderabad, India | Z32: 4 | AA32: Full time
C33: Salary | D33: 96135.75 | E33: Vlookup only return first match so we have to use filter form. | O33: PR02016 | P33: Iris | Q33: Wagg | R33: Female | S33: Engineering | T33: 58861.19 | U33: 50k to 100k | V33: 43654 | W33: 1 | X33: Permanent | Y33: Columbus, USA | Z33: 4.9589041 | AA33: Full time
O34: PR02113 | P34: Beverie | Q34: Moffet | R34: Female | S34: Support | T34: 75974.99 | U34: 50k to 100k | V34: 44172 | W34: 1 | X34: Permanent | Y34: Remote | Z34: 3.539726 | AA34: Full time
A35: {=staff[#Headers]} -> Emp ID | B35: First Name | C35: Last Name | D35: Gender | E35: Department | F35: Salary | G35: Salary Bucket | H35: Start Date | I35: FTE | J35: Employee type | K35: Work location | L35: Tenure | M35: Work Type | O35: PR02140 | P35: Anjushri | Q35: Chandiramani | R35: Male | S35: Accounting | T35: 95954.02 | U35: 50k to 100k | V35: 43567 | W35: 0.3 | X35: Permanent | Y35: Hyderabad, India | Z35: 5.1972603 | AA35: Part time
A36: {=_xlfn.XLOOKUP(D$33,staff[Salary],staff[],"Not Found",0,1)} -> PR00007 | B36: Torrance | C36: Collier | D36: Female | E36: Training | F36: 96135.75 | G36: 50k to 100k | H36: 44025 | I36: 0.3 | J36: Permanent | K36: Wellington, New Zealand | L36: 3.9424658 | M36: Part time | O36: PR02208 | P36: Gowri | Q36: Sankar | R36: Female | S36: Training | T36: 102934.09 | U36: Above 100k | V36: 44315 | W36: 1 | X36: Permanent | Y36: Hyderabad, India | Z36: 3.1479452 | AA36: Full time
O37: PR02275 | P37: Louise | Q37: Lamming | R37: Female | S37: Sales | T37: 41934.71 | U37: Under 50k | V37: 43780 | W37: 1 | X37: Permanent | Y37: Remote | Z37: 4.6136986 | AA37: Full time
A38: using iferror filter function | O38: PR02288 | P38: Althea | Q38: Bronger | R38: Male | S38: Product Management | T38: 104335.04 | U38: Above 100k | V38: 43874 | W38: 1 | X38: Permanent | Y38: Columbus, USA | Z38: 4.3561644 | AA38: Full time
A39: {=IFERROR(_xlfn._xlws.FILTER(staff[],staff[Salary] = D33),"Not Found")} -> PR00007 | B39: Torrance | C39: Collier | D39: Female | E39: Training | F39: 96135.75 | G39: 50k to 100k | H39: 44025 | I39: 0.3 | J39: Permanent | K39: Wellington, New Zealand | L39: 3.9424658 | M39: Part time | O39: PR02321 | P39: Evanne | Q39: Sheryn | R39: Female | S39: Services | T39: 81897.79 | U39: 50k to 100k | V39: 43146 | W39: 1 | X39: Permanent | Y39: Auckland, New Zealand | Z39: 6.3506849 | AA39: Full time
O40: PR02436 | P40: Marmaduke | Q40: Worssam | R40: Female | S40: Engineering | T40: 78378.2 | U40: 50k to 100k | V40: 43465 | W40: 0.4 | X40: Permanent | Y40: Remote | Z40: 5.4767123 | AA40: Part time
O41: PR02603 | P41: Dinanath | Q41: Simhambhatla | R41: Female | S41: Human Resources | T41: 61994.76 | U41: 50k to 100k | V41: 43794 | W41: 0.3 | X41: Permanent | Y41: Hyderabad, India | Z41: 4.5753425 | AA41: Part time
O42: PR02782 | P42: Isaak | Q42: Rawne | R42: Male | S42: Marketing | T42: 37362.3 | U42: Under 50k | V42: 43642 | W42: 1 | X42: Permanent | Y42: Auckland, New Zealand | Z42: 4.9917808 | AA42: Full time
O43: PR02957 | P43: Vaughn | Q43: Carvill | R43: Female | S43: Training | T43: 84745.93 | U43: 50k to 100k | V43: 43707 | W43: 1 | X43: Permanent | Y43: Wellington, New Zealand | Z43: 4.8136986 | AA43: Full time
O44: PR03034 | P44: Sreenivasa | Q44: Naik | R44: Male | S44: Sales | T44: 32192.15 | U44: Under 50k | V44: 44473 | W44: 1 | X44: Permanent | Y44: Hyderabad, India | Z44: 2.7150685 | AA44: Full time
O45: PR03137 | P45: Jagajeet | Q45: Viraj | R45: Male | S45: Support | T45: 36714.38 | U45: Under 50k | V45: 44175 | W45: 1 | X45: Permanent | Y45: Chennai, India | Z45: 3.5315068 | AA45: Full time
O46: PR03158 | P46: Danica | Q46: Nayshe | R46: Female | S46: Services | T46: 89690.38 | U46: 50k to 100k | V46: 43206 | W46: 1 | X46: Permanent | Y46: Wellington, New Zealand | Z46: 6.1863014 | AA46: Full time
O47: PR03271 | P47: Stan | Q47: Tolliday | R47: Female | S47: Sales | T47: 39535.49 | U47: Under 50k | V47: 43397 | W47: 0.3 | X47: Permanent | Y47: Remote | Z47: 5.6630137 | AA47: Part time
O48: PR03445 | P48: Myrle | Q48: Prandoni | R48: Male | S48: Sales | T48: 62195.47 | U48: 50k to 100k | V48: 44434 | W48: 1 | X48: Permanent | Y48: Remote | Z48: 2.8219178 | AA48: Full time
O49: PR03532 | P49: Crawford | Q49: Scad | R49: Male | S49: Human Resources | T49: 72876.91 | U49: 50k to 100k | V49: 43837 | W49: 1 | X49: Permanent | Y49: Remote | Z49: 4.4575342 | AA49: Full time
O50: PR03804 | P50: Pratigya | Q50: Rema | R50: Male | S50: Legal | T50: 66572.58 | U50: 50k to 100k | V50: 44193 | W50: 1 | X50: Permanent | Y50: Chennai, India | Z50: 3.4821918 | AA50: Full time
O51: PR03804 | P51: Sartaj | Q51: Probal | R51: Male | S51: Legal | T51: 66572.58 | U51: 50k to 100k | V51: 44193 | W51: 1 | X51: Permanent | Y51: Chennai, India | Z51: 3.4821918 | AA51: Full time
... O266: VT04984 | P266: Dell | Q266: Molloy | R266: Male | S266: Engineering | T266: 47362.62 | U266: Under 50k | V266: 43973 | W266: 1 | X266: Temporary | Y266: Remote | Z266: 4.0849315 | AA266: Full time

Sheet Q8,Q9 XLOOKUP MAX
A1: 8 | B1: Complex formula: Highest salary person | D1: XLOOKUP + MAX
A2: 9 | B2: Complex formula: All employees joined in March | D2: FILTER + MONTH | E2: Female employees with Monday start
B5: using xlokup and Max form
B6: One Person | C6: {=_xlfn.XLOOKUP(MAX(staff[Salary]),staff[Salary],staff[First Name]&" "&staff[Last Name])} -> Minerva Ricardot
C9: using TEXTJOIN, FILTER AND MAX form.
B10: All Persons | C10: {=_xlfn.TEXTJOIN(", ",,_xlfn._xlws.FILTER(staff[First Name]&" "&staff[Last Name],staff[Salary]=MAX(staff[Salary])))} -> Minerva Ricardot, Mick Spraberry
U12: {=staff[#Headers]} -> Emp ID | V12: First Name | W12: Last Name | X12: Gender | Y12: Department | Z12: Salary | AA12: Salary Bucket | AB12: Start Date | AC12: FTE | AD12: Employee type | AE12: Work location | AF12: Tenure | AG12: Work Type | AL12: All Emp whose names start from L
U13: {=staff[]} -> PR00147 | V13: Minerva | W13: Ricardot | X13: Male | Y13: Engineering | Z13: 120000 | AA13: Above 100k | AB13: 43416 | AC13: 1 | AD13: Permanent | AE13: Remote | AF13: 5.6109589 | AG13: Full time
C14: Employees who joined on march | E14: checked here | F14: All Female Employess who started on Monday | U14: SQ04612 | V14: Mick | W14: Spraberry | X14: Female | Y14: Services | Z14: 120000 | AA14: Above 100k | AB14: 43902 | AC14: 0.9 | AD14: Permanent | AE14: Remote | AF14: 4.2794521 | AG14: Part time | AJ14: {=_xlfn._xlws.FILTER(U12:AG272,LEFT(V12:V272 )= "L")} -> VT01893 | AK14: Lindy | AL14: Guillet | AM14: Male | AN14: Training | AO14: 112778.28 | AP14: Above 100k | AQ14: 43250 | AR14: 1 | AS14: Fixed Term | AT14: Remote | AU14: 6.0657534 | AV14: Full time
B15: Emp ID | C15: First Name | D15: Last Name | E15: {=TEXT(M15:M76,"dddd")} -> Monday | F15: {=_xlfn._xlws.FILTER(staff[],(staff[Gender] = "Female")*WEEKDAY(staff[Start Date],2)=1)} -> SQ02174 | G15: Sidoney | H15: Yitzhok | I15: Female | J15: Engineering | K15: 118442.54 | L15: Above 100k | M15: 44193 | N15: 1 | O15: Permanent | P15: Auckland, New Zealand | Q15: 3.4821918 | R15: Full time | U15: PR03886 | V15: Edd | W15: MacKnockiter | X15: Male | Y15: Accounting | Z15: 119022.49 | AA15: Above 100k | AB15: 44431 | AC15: 1 | AD15: Permanent | AE15: Auckland, New Zealand | AF15: 2.830137 | AG15: Full time | AJ15: VT01893 | AK15: Lindy | AL15: Guillet | AM15: Male | AN15: Training | AO15: 112778.28 | AP15: Above 100k | AQ15: 43250 | AR15: 1 | AS15: Fixed Term | AT15: Remote | AU15: 6.0657534 | AV15: Full time
B16: {=_xlfn._xlws.FILTER(staff[[Emp ID]:[Last Name]],MONTH(staff[Start Date])=3)} -> SQ04612 | C16: Mick | D16: Spraberry | E16: Monday | F16: TN01281 | G16: Cletus | H16: McGarahan | I16: Female | J16: Engineering | K16: 114425.19 | L16: Above 100k | M16: 43857 | N16: 1 | O16: Permanent | P16: Wellington, New Zealand | Q16: 4.4027397 | R16: Full time | U16: SQ00144 | V16: Collen | W16: Dunbleton | X16: Male | Y16: Engineering | Z16: 118976.16 | AA16: Above 100k | AB16: 44120 | AC16: 1 | AD16: Permanent | AE16: Wellington, New Zealand | AF16: 3.6821918 | AG16: Full time | AJ16: VT04350 | AK16: Lalit | AL16: Kothari | AM16: Male | AN16: Business Development | AO16: 106400.02 | AP16: Above 100k | AQ16: 44021 | AR16: 1 | AS16: Temporary | AT16: Chennai, India | AU16: 3.9534247 | AV16: Full time
B17: PR00746 | C17: Hogan | D17: Iles | E17: Monday | F17: VT04552 | G17: Theresita | H17: Chasmer | I17: Female | J17: Product Management | K17: 106665.67 | L17: Above 100k | M17: 43311 | N17: 1 | O17: Temporary | P17: Columbus, USA | Q17: 5.8986301 | R17: Full time | U17: SQ02174 | V17: Sidoney | W17: Yitzhok | X17: Female | Y17: Engineering | Z17: 118442.54 | AA17: Above 100k | AB17: 44193 | AC17: 1 | AD17: Permanent | AE17: Auckland, New Zealand | AF17: 3.4821918 | AG17: Full time | AJ17: VT00596 | AK17: Letisha | AL17: Carrett | AM17: Female | AN17: Sales | AO17: 84598.88 | AP17: 50k to 100k | AQ17: 44116 | AR17: 1 | AS17: Fixed Term | AT17: Seattle, USA | AU17: 3.6931507 | AV17: Full time
B18: VT03421 | C18: Alic | D18: Bagg | E18: Monday | F18: TN04740 | G18: Tristam | H18: Cuming | I18: Female | J18: Support | K18: 104038.9 | L18: Above 100k | M18: 43815 | N18: 1 | O18: Fixed Term | P18: Remote | Q18: 4.5178082 | R18: Full time | U18: VT04093 | V18: Prasanna | W18: Lakshmi | X18: Female | Y18: Training | Z18: 116767.63 | AA18: Above 100k | AB18: 43949 | AC18: 0.4 | AD18: Temporary | AE18: Chennai, India | AF18: 4.1506849 | AG18: Part time | AJ18: VT00596 | AK18: Letisha | AL18: Carrett | AM18: Female | AN18: Sales | AO18: 84598.88 | AP18: 50k to 100k | AQ18: 44116 | AR18: 1 | AS18: Fixed Term | AT18: Seattle, USA | AU18: 3.6931507 | AV18: Full time
B19: VT03421 | C19: Alic | D19: Bagg | E19: Monday | F19: SQ03491 | G19: Freda | H19: Legan | I19: Female | J19: Sales | K19: 102129.37 | L19: Above 100k | M19: 44396 | N19: 1 | O19: Permanent | P19: Columbus, USA | Q19: 2.9260274 | R19: Full time | U19: VT04093 | V19: Baruna | W19: Ogale | X19: Female | Y19: Training | Z19: 116767.63 | AA19: Above 100k | AB19: 43949 | AC19: 0.4 | AD19: Temporary | AE19: Chennai, India | AF19: 4.1506849 | AG19: Part time | AJ19: SQ00612 | AK19: Leena | AL19: Bruckshaw | AM19: Male | AN19: Research and Development | AO19: 74279.01 | AP19: 50k to 100k | AQ19: 43466 | AR19: 1 | AS19: Permanent | AT19: Wellington, New Zealand | AU19: 5.4739726 | AV19: Full time
B20: VT04028 | C20: Michale | D20: Rolf | E20: Monday | F20: TN04246 | G20: Shaylyn | H20: Ransbury | I20: Female | J20: Support | K20: 100371.31 | L20: Above 100k | M20: 44067 | N20: 0.8 | O20: Fixed Term | P20: Auckland, New Zealand | Q20: 3.8273973 | R20: Part time | U20: PR02010 | V20: Prerana | W20: Nishita | X20: Male | Y20: Product Management | Z20: 115191.38 | AA20: Above 100k | AB20: 44004 | AC20: 1 | AD20: Permanent | AE20: Hyderabad, India | AF20: 4 | AG20: Full time | AJ20: TN04067 | AK20: Lea | AL20: Chaplin | AM20: Female | AN20: Human Resources | AO20: 73488.68 | AP20: 50k to 100k | AQ20: 43570 | AR20: 1 | AS20: Fixed Term | AT20: Seattle, USA | AU20: 5.1890411 | AV20: Full time
B21: VT04028 | C21: Michale | D21: Rolf | E21: Monday | F21: TN03575 | G21: Janina | H21: Wolverson | I21: Female | J21: Research and Development | K21: 99683.67 | L21: 50k to 100k | M21: 43500 | N21: 1 | O21: Fixed Term | P21: Seattle, USA | Q21: 5.3808219 | R21: Full time | U21: SQ02624 | V21: Gwenneth | W21: Fealey | X21: Female | Y21: Engineering | Z21: 114772.32 | AA21: Above 100k | AB21: 44251 | AC21: 1 | AD21: Permanent | AE21: Columbus, USA | AF21: 3.3232877 | AG21: Full time | AJ21: PR00576 | AK21: Lalitchandra | AL21: Vadali | AM21: Female | AN21: Legal | AO21: 63705.4 | AP21: 50k to 100k | AQ21: 43682 | AR21: 1 | AS21: Permanent | AT21: Hyderabad, India | AU21: 4.8821918 | AV21: Full time
B22: SQ00022 | C22: Carlin | D22: Demke | E22: Monday | F22: TN03575 | G22: Janina | H22: Wolverson | I22: Female | J22: Research and Development | K22: 99683.67 | L22: 50k to 100k | M22: 43500 | N22: 1 | O22: Fixed Term | P22: Seattle, USA | Q22: 5.3808219 | R22: Full time | U22: VT02801 | V22: Shellysheldon | W22: Mahady | X22: Male | Y22: Training | Z22: 114691.03 | AA22: Above 100k | AB22: 44039 | AC22: 1 | AD22: Temporary | AE22: Wellington, New Zealand | AF22: 3.9041096 | AG22: Full time | AJ22: SQ00070 | AK22: Larissa | AL22: Ingledow | AM22: Male | AN22: Research and Development | AO22: 62281.24 | AP22: 50k to 100k | AQ22: 43272 | AR22: 1 | AS22: Permanent | AT22: Remote | AU22: 6.0054795 | AV22: Full time
B23: VT01762 | C23: Geena | D23: Raghavanpillai | E23: Monday | F23: PR04686 | G23: Oona | H23: Donan | I23: Female | J23: Business Development | K23: 98000 | L23: 50k to 100k | M23: 43710 | N23: 0.9 | O23: Permanent | P23: Seattle, USA | Q23: 4.8054795 | R23: Part time | U23: VT02491 | V23: Alexis | W23: Gotfrey | X23: Male | Y23: Engineering | Z23: 114465.93 | AA23: Above 100k | AB23: 43291 | AC23: 1 | AD23: Temporary | AE23: Wellington, New Zealand | AF23: 5.9534247 | AG23: Full time | AJ23: TN04892 | AK23: Luca | AL23: Wolstenholme | AM23: Male | AN23: Engineering | AO23: 53184.02 | AP23: 50k to 100k | AQ23: 43180 | AR23: 1 | AS23: Fixed Term | AT23: Remote | AU23: 6.2575342 | AV23: Full time
B24: VT01803 | C24: Freddy | D24: Linford | E24: Monday | F24: PR00007 | G24: Torrance | H24: Collier | I24: Female | J24: Training | K24: 96135.75 | L24: 50k to 100k | M24: 44025 | N24: 0.3 | O24: Permanent | P24: Wellington, New Zealand | Q24: 3.9424658 | R24: Part time | U24: TN01281 | V24: Cletus | W24: McGarahan | X24: Female | Y24: Engineering | Z24: 114425.19 | AA24: Above 100k | AB24: 43857 | AC24: 1 | AD24: Permanent | AE24: Wellington, New Zealand | AF24: 4.4027397 | AG24: Full time | AJ24: VT03849 | AK24: Leonidas | AL24: Cavaney | AM24: Male | AN24: Accounting | AO24: 52246.29 | AP24: 50k to 100k | AQ24: 43573 | AR24: 1 | AS24: Temporary | AT24: Wellington, New Zealand | AU24: 5.1808219 | AV24: Full time
B25: SQ00105 | C25: Sarayu | D25: Ragunathan | E25: Monday | F25: SQ03626 | G25: Krishnakanta | H25: Vellanki | I25: Female | J25: Training | K25: 95677.9 | L25: 50k to 100k | M25: 44396 | N25: 0.3 | O25: Permanent | P25: Chennai, India | Q25: 2.9260274 | R25: Part time | U25: PR00746 | V25: Hogan | W25: Iles | X25: Female | Y25: Accounting | Z25: 114177.23 | AA25: Above 100k | AB25: 43908 | AC25: 1 | AD25: Permanent | AE25: Wellington, New Zealand | AF25: 4.2630137 | AG25: Full time | AJ25: PR02275 | AK25: Louise | AL25: Lamming | AM25: Female | AN25: Sales | AO25: 41934.71 | AP25: Under 50k | AQ25: 43780 | AR25: 1 | AS25: Permanent | AT25: Remote | AU25: 4.6136986 | AV25: Full time
B26: VT03993 | C26: Dulce | D26: Colbeck | E26: Monday | F26: VT01803 | G26: Freddy | H26: Linford | I26: Female | J26: Training | K26: 93128.34 | L26: 50k to 100k | M26: 43164 | N26: 1 | O26: Fixed Term | P26: Seattle, USA | Q26: 6.3013699 | R26: Full time | U26: VT03421 | V26: Alic | W26: Bagg | X26: Male | Y26: Legal | Z26: 113747.56 | AA26: Above 100k | AB26: 44270 | AC26: 0.7 | AD26: Temporary | AE26: Columbus, USA | AF26: 3.2712329 | AG26: Part time | AJ26: SQ00450 | AK26: Louise | AL26: Lamming | AM26: Female | AN26: Sales | AO26: 41934.71 | AP26: Under 50k | AQ26: 43943 | AR26: 1 | AS26: Permanent | AT26: Remote | AU26: 4.1671233 | AV26: Full time
B27: SQ03625 | C27: Fidela | D27: Artis | E27: Monday | F27: TN04175 | G27: Hinda | H27: Label | I27: Female | J27: Human Resources | K27: 92704.48 | L27: 50k to 100k | M27: 43430 | N27: 1 | O27: Fixed Term | P27: Columbus, USA | Q27: 5.5726027 | R27: Full time | U27: VT03421 | V27: Alic | W27: Bagg | X27: Male | Y27: Legal | Z27: 113747.56 | AA27: Above 100k | AB27: 44270 | AC27: 0.7 | AD27: Temporary | AE27: Columbus, USA | AF27: 3.2712329 | AG27: Part time
B28: SQ03112 | C28: Kantimoy | D28: Pritish | E28: Monday | F28: PR04446 | G28: Sameer | H28: Shashank | I28: Female | J28: Research and Development | K28: 92336.08 | L28: 50k to 100k | M28: 44431 | N28: 1 | O28: Permanent | P28: Hyderabad, India | Q28: 2.830137 | R28: Full time | U28: SQ01620 | V28: Westbrook | W28: Brandino | X28: Male | Y28: Legal | Z28: 113616.23 | AA28: Above 100k | AB28: 43255 | AC28: 1 | AD28: Permanent | AE28: Remote | AF28: 6.0520548 | AG28: Full time
B29: TN01601 | C29: Melva | D29: Jickells | E29: Monday | F29: VT03701 | G29: Narois | H29: Motiwala | I29: Female | J29: Product Management | K29: 89829.33 | L29: 50k to 100k | M29: 43794 | N29: 1 | O29: Temporary | P29: Chennai, India | Q29: 4.5753425 | R29: Full time | U29: VT01893 | V29: Lindy | W29: Guillet | X29: Male | Y29: Training | Z29: 112778.28 | AA29: Above 100k | AB29: 43250 | AC29: 1 | AD29: Fixed Term | AE29: Remote | AF29: 6.0657534 | AG29: Full time
B30: TN01601 | C30: Melva | D30: Jickells | E30: Monday | F30: PR03158 | G30: Danica | H30: Nayshe | I30: Female | J30: Services | K30: 89690.38 | L30: 50k to 100k | M30: 43206 | N30: 1 | O30: Permanent | P30: Wellington, New Zealand | Q30: 6.1863014 | R30: Full time | U30: VT01893 | V30: Lindy | W30: Guillet | X30: Male | Y30: Training | Z30: 112778.28 | AA30: Above 100k | AB30: 43250 | AC30: 1 | AD30: Fixed Term | AE30: Remote | AF30: 6.0657534 | AG30: Full time | AK30: All Employees who have started from march
B31: VT02417 | C31: Evangelina | D31: Lergan | E31: Monday | F31: SQ00841 | G31: Bhuvan | H31: Pals | I31: Female | J31: Services | K31: 89690.38 | L31: 50k to 100k | M31: 43213 | N31: 1 | O31: Permanent | P31: Hyderabad, India | Q31: 6.1671233 | R31: Full time | U31: PR01159 | V31: Mollie | W31: Hanway | X31: Male | Y31: Engineering | Z31: 112645.99 | AA31: Above 100k | AB31: 43759 | AC31: 0.6 | AD31: Permanent | AE31: Seattle, USA | AF31: 4.6712329 | AG31: Part time
B32: VT04415 | C32: Malory | D32: Biles | E32: Monday | F32: SQ00105 | G32: Sarayu | H32: Ragunathan | I32: Female | J32: Training | K32: 86010.54 | L32: 50k to 100k | M32: 43164 | N32: 1 | O32: Permanent | P32: Chennai, India | Q32: 6.3013699 | R32: Full time | U32: VT04028 | V32: Michale | W32: Rolf | X32: Male | Y32: Services | Z32: 111815.49 | AA32: Above 100k | AB32: 43895 | AC32: 0.7 | AD32: Temporary | AE32: Remote | AF32: 4.2986301 | AG32: Part time | AJ32: {=_xlfn._xlws.FILTER(U13:AG272,MONTH(AB13:AB272)=3)} -> SQ04612 | AK32: Mick | AL32: Spraberry | AM32: Female | AN32: Services | AO32: 120000 | AP32: Above 100k | AQ32: 43902 | AR32: 0.9 | AS32: Permanent | AT32: Remote | AU32: 4.2794521 | AV32: Part time
B33: TN04892 | C33: Luca | D33: Wolstenholme | E33: Monday | F33: SQ04613 | G33: Sarojini | H33: Naueshwara | I33: Female | J33: Human Resources | K33: 85264.38 | L33: 50k to 100k | M33: 43220 | N33: 1 | O33: Permanent | P33: Chennai, India | Q33: 6.1479452 | R33: Full time | U33: VT04028 | V33: Michale | W33: Rolf | X33: Male | Y33: Services | Z33: 111815.49 | AA33: Above 100k | AB33: 43895 | AC33: 0.7 | AD33: Temporary | AE33: Remote | AF33: 4.2986301 | AG33: Part time | AJ33: PR00746 | AK33: Hogan | AL33: Iles | AM33: Female | AN33: Accounting | AO33: 114177.23 | AP33: Above 100k | AQ33: 43908 | AR33: 1 | AS33: Permanent | AT33: Wellington, New Zealand | AU33: 4.2630137 | AV33: Full time
B34: PR00893 | C34: Vasavi | D34: Veeravasarapu | E34: Monday | F34: TN02883 | G34: John | H34: Joseph | I34: Female | J34: Sales | K34: 84762.76 | L34: 50k to 100k | M34: 43332 | N34: 1 | O34: Permanent | P34: Hyderabad, India | Q34: 5.8410959 | R34: Full time | U34: SQ04603 | V34: Natalee | W34: Craiker | X34: Male | Y34: Product Management | Z34: 111229.47 | AA34: Above 100k | AB34: 43402 | AC34: 1 | AD34: Permanent | AE34: Remote | AF34: 5.6493151 | AG34: Full time | AJ34: VT03421 | AK34: Alic | AL34: Bagg | AM34: Male | AN34: Legal | AO34: 113747.56 | AP34: Above 100k | AQ34: 44270 | AR34: 0.7 | AS34: Temporary | AT34: Columbus, USA | AU34: 3.2712329 | AV34: Part time
B35: SQ01519 | C35: Caron | D35: Kolakovic | E35: Monday | F35: VT00596 | G35: Letisha | H35: Carrett | I35: Female | J35: Sales | K35: 84598.88 | L35: 50k to 100k | M35: 44116 | N35: 1 | O35: Fixed Term | P35: Seattle, USA | Q35: 3.6931507 | R35: Full time | U35: SQ00498 | V35: Amery | W35: Ofer | X35: Female | Y35: Legal | Z35: 111049.84 | AA35: Above 100k | AB35: 44393 | AC35: 1 | AD35: Permanent | AE35: Wellington, New Zealand | AF35: 2.9342466 | AG35: Full time | AJ35: VT03421 | AK35: Alic | AL35: Bagg | AM35: Male | AN35: Legal | AO35: 113747.56 | AP35: Above 100k | AQ35: 44270 | AR35: 0.7 | AS35: Temporary | AT35: Columbus, USA | AU35: 3.2712329 | AV35: Part time
B36: TN01256 | C36: Shattesh | D36: Utpat | E36: Monday | F36: VT00596 | G36: Letisha | H36: Carrett | I36: Female | J36: Sales | K36: 84598.88 | L36: 50k to 100k | M36: 44116 | N36: 1 | O36: Fixed Term | P36: Seattle, USA | Q36: 3.6931507 | R36: Full time | U36: VT04681 | V36: Nickolai | W36: Artin | X36: Female | Y36: Product Management | Z36: 110906.35 | AA36: Above 100k | AB36: 43434 | AC36: 1 | AD36: Temporary | AE36: Wellington, New Zealand | AF36: 5.5616438 | AG36: Full time | AJ36: VT04028 | AK36: Michale | AL36: Rolf | AM36: Male | AN36: Services | AO36: 111815.49 | AP36: Above 100k | AQ36: 43895 | AR36: 0.7 | AS36: Temporary | AT36: Remote | AU36: 4.2986301 | AV36: Part time
B37: TN01256 | C37: Sawini | D37: Chandan | E37: Monday | F37: PR00916 | G37: Inger | H37: Chapelhow | I37: Female | J37: Research and Development | K37: 84309.95 | L37: 50k to 100k | M37: 44501 | N37: 1 | O37: Permanent | P37: Remote | Q37: 2.6383562 | R37: Full time | U37: SQ00022 | V37: Carlin | W37: Demke | X37: Male | Y37: Business Development | Z37: 110042.37 | AA37: Above 100k | AB37: 43914 | AC37: 1 | AD37: Permanent | AE37: Columbus, USA | AF37: 4.2465753 | AG37: Full time | AJ37: VT04028 | AK37: Michale | AL37: Rolf | AM37: Male | AN37: Services | AO37: 111815.49 | AP37: Above 100k | AQ37: 43895 | AR37: 0.7 | AS37: Temporary | AT37: Remote | AU37: 4.2986301 | AV37: Part time
E38: Monday | F38: PR00113 | G38: Van | H38: Tuxwell | I38: Female | J38: Business Growth | K38: 80695.74 | L38: 50k to 100k | M38: 43360 | N38: 1 | O38: Permanent | P38: Columbus, USA | Q38: 5.7643836 | R38: Full time | U38: TN00579 | V38: Rafaelita | W38: Blaksland | X38: Female | Y38: Services | Z38: 109163.39 | AA38: Above 100k | AB38: 44019 | AC38: 0.8 | AD38: Permanent | AE38: Seattle, USA | AF38: 3.9589041 | AG38: Part time | AJ38: SQ00022 | AK38: Carlin | AL38: Demke | AM38: Male | AN38: Business Development | AO38: 110042.37 | AP38: Above 100k | AQ38: 43914 | AR38: 1 | AS38: Permanent | AT38: Columbus, USA | AU38: 4.2465753 | AV38: Full time
E39: Monday | F39: PR00113 | G39: Van | H39: Tuxwell | I39: Female | J39: Business Development | K39: 80695.74 | L39: 50k to 100k | M39: 43360 | N39: 1 | O39: Permanent | P39: Columbus, USA | Q39: 5.7643836 | R39: Full time | U39: SQ03733 | V39: Revkah | W39: Antonacci | X39: Male | Y39: Engineering | Z39: 109143.17 | AA39: Above 100k | AB39: 43945 | AC39: 1 | AD39: Permanent | AE39: Wellington, New Zealand | AF39: 4.1616438 | AG39: Full time | AJ39: VT01762 | AK39: Geena | AL39: Raghavanpillai | AM39: Male | AN39: Accounting | AO39: 102515.81 | AP39: Above 100k | AQ39: 43902 | AR39: 1 | AS39: Fixed Term | AT39: Chennai, India | AU39: 4.2794521 | AV39: Full time
E40: Monday | F40: PR04380 | G40: Van | H40: Tuxwell | I40: Female | J40: Business Development | K40: 80695.74 | L40: 50k to 100k | M40: 43787 | N40: 0.8 | O40: Permanent | P40: Columbus, USA | Q40: 4.5945205 | R40: Part time | U40: SQ03116 | V40: Syd | W40: Fearn | X40: Male | Y40: Engineering | Z40: 108872.77 | AA40: Above 100k | AB40: 43521 | AC40: 1 | AD40: Permanent | AE40: Remote | AF40: 5.3232877 | AG40: Full time | AJ40: VT01803 | AK40: Freddy | AL40: Linford | AM40: Female | AN40: Training | AO40: 93128.34 | AP40: 50k to 100k | AQ40: 43164 | AR40: 1 | AS40: Fixed Term | AT40: Seattle, USA | AU40: 6.3013699 | AV40: Full time
E41: Monday | F41: PR02436 | G41: Marmaduke | H41: Worssam | I41: Female | J41: Engineering | K41: 78378.2 | L41: 50k to 100k | M41: 43465 | N41: 0.4 | O41: Permanent | P41: Remote | Q41: 5.4767123 | R41: Part time | U41: SQ03476 | V41: Ramalingam | W41: Kothapeta | X41: Need to check | Y41: Accounting | Z41: 107107.6 | AA41: Above 100k | AB41: 43325 | AC41: 0.9 | AD41: Permanent | AE41: Chennai, India | AF41: 5.860274 | AG41: Part time | AJ41: SQ00105 | AK41: Sarayu | AL41: Ragunathan | AM41: Female | AN41: Training | AO41: 86010.54 | AP41: 50k to 100k | AQ41: 43164 | AR41: 1 | AS41: Permanent | AT41: Chennai, India | AU41: 6.3013699 | AV41: Full time
E42: Monday | F42: SQ03625 | G42: Fidela | H42: Artis | I42: Female | J42: Sales | K42: 78020.39 | L42: 50k to 100k | M42: 43899 | N42: 1 | O42: Permanent | P42: Remote | Q42: 4.2876712 | R42: Full time | U42: TN04058 | V42: Subbarao | W42: Malladi | X42: Male | Y42: Product Management | Z42: 106775.14 | AA42: Above 100k | AB42: 43563 | AC42: 1 | AD42: Fixed Term | AE42: Hyderabad, India | AF42: 5.2082192 | AG42: Full time | AJ42: VT03993 | AK42: Dulce | AL42: Colbeck | AM42: Male | AN42: Human Resources | AO42: 83396.5 | AP42: 50k to 100k | AQ42: 44285 | AR42: 1 | AS42: Temporary | AT42: Auckland, New Zealand | AU42: 3.230137 | AV42: Full time
E43: Monday | F43: VT01610 | G43: Dhruv | H43: Manjunath | I43: Female | J43: Accounting | K43: 76303.82 | L43: 50k to 100k | M43: 43458 | N43: 1 | O43: Fixed Term | P43: Hyderabad, India | Q43: 5.4958904 | R43: Full time | U43: TN04058 | V43: Vasu | W43: Nandin | X43: Male | Y43: Product Management | Z43: 106775.14 | AA43: Above 100k | AB43: 43563 | AC43: 1 | AD43: Fixed Term | AE43: Hyderabad, India | AF43: 5.2082192 | AG43: Full time | AJ43: SQ03625 | AK43: Fidela | AL43: Artis | AM43: Female | AN43: Sales | AO43: 78020.39 | AP43: 50k to 100k | AQ43: 43899 | AR43: 1 | AS43: Permanent | AT43: Remote | AU43: 4.2876712 | AV43: Full time
E44: Monday | F44: VT01610 | G44: Kunja | H44: Prashanta | I44: Female | J44: Accounting | K44: 76303.82 | L44: 50k to 100k | M44: 43458 | N44: 1 | O44: Fixed Term | P44: Hyderabad, India | Q44: 5.4958904 | R44: Full time | U44: VT04552 | V44: Theresita | W44: Chasmer | X44: Female | Y44: Product Management | Z44: 106665.67 | AA44: Above 100k | AB44: 43311 | AC44: 1 | AD44: Temporary | AE44: Columbus, USA | AF44: 5.8986301 | AG44: Full time | AJ44: SQ03112 | AK44: Kantimoy | AL44: Pritish | AM44: Male | AN44: Product Management | AO44: 77743.15 | AP44: 50k to 100k | AQ44: 43920 | AR44: 1 | AS44: Permanent | AT44: Chennai, India | AU44: 4.230137 | AV44: Full time
E45: Monday | F45: PR02113 | G45: Beverie | H45: Moffet | I45: Female | J45: Support | K45: 75974.99 | L45: 50k to 100k | M45: 44172 | N45: 1 | O45: Permanent | P45: Remote | Q45: 3.539726 | R45: Full time | U45: VT04350 | V45: Kulbhushan | W45: Moorthy | X45: Male | Y45: Business Development | Z45: 106400.02 | AA45: Above 100k | AB45: 44021 | AC45: 1 | AD45: Temporary | AE45: Chennai, India | AF45: 3.9534247 | AG45: Full time | AJ45: TN01601 | AK45: Melva | AL45: Jickells | AM45: Female | AN45: Product Management | AO45: 68795.48 | AP45: 50k to 100k | AQ45: 44277 | AR45: 0.2 | AS45: Permanent | AT45: Remote | AU45: 3.2520548 | AV45: Part time
E46: Monday | F46: SQ03546 | G46: Amlankusum | H46: Rajabhushan | I46: Female | J46: Legal | K46: 75733.74 | L46: 50k to 100k | M46: 44382 | N46: 1 | O46: Permanent | P46: Hyderabad, India | Q46: 2.9643836 | R46: Full time | U46: VT04350 | V46: Lalit | W46: Kothari | X46: Male | Y46: Business Development | Z46: 106400.02 | AA46: Above 100k | AB46: 44021 | AC46: 1 | AD46: Temporary | AE46: Chennai, India | AF46: 3.9534247 | AG46: Full time | AJ46: TN01601 | AK46: Melva | AL46: Jickells | AM46: Female | AN46: Product Management | AO46: 68795.48 | AP46: 50k to 100k | AQ46: 44277 | AR46: 0.2 | AS46: Permanent | AT46: Remote | AU46: 3.2520548 | AV46: Part time
E47: Monday | F47: TN00182 | G47: Camilla | H47: Castle | I47: Female | J47: Product Management | K47: 75475.93 | L47: 50k to 100k | M47: 43794 | N47: 1 | O47: Permanent | P47: Remote | Q47: 4.5753425 | R47: Full time | U47: SQ02703 | V47: Deepit | W47: Ranjana | X47: Female | Y47: Marketing | Z47: 104903.79 | AA47: Above 100k | AB47: 43649 | AC47: 1 | AD47: Permanent | AE47: Chennai, India | AF47: 4.9726027 | AG47: Full time | AJ47: VT02417 | AK47: Evangelina | AL47: Lergan | AM47: Male | AN47: Support | AO47: 61214.26 | AP47: 50k to 100k | AQ47: 43171 | AR47: 1 | AS47: Temporary | AT47: Auckland, New Zealand | AU47: 6.2821918 | AV47: Full time
E48: Monday | F48: TN04067 | G48: Lea | H48: Chaplin | I48: Female | J48: Human Resources | K48: 73488.68 | L48: 50k to 100k | M48: 43570 | N48: 1 | O48: Fixed Term | P48: Seattle, USA | Q48: 5.1890411 | R48: Full time | U48: PR04601 | V48: Yedukondalu | W48: Panditula | X48: Need to check | Y48: Support | Z48: 104802.63 | AA48: Above 100k | AB48: 44502 | AC48: 1 | AD48: Permanent | AE48: Hyderabad, India | AF48: 2.6356164 | AG48: Full time | AJ48: VT04415 | AK48: Malory | AL48: Biles | AM48: Female | AN48: Training | AO48: 58744.17 | AP48: 50k to 100k | AQ48: 43171 | AR48: 1 | AS48: Temporary | AT48: Columbus, USA | AU48: 6.2821918 | AV48: Full time
E49: Monday | F49: PR01383 | G49: Addi | H49: Studdeard | I49: Female | J49: Product Management | K49: 72502.61 | L49: 50k to 100k | M49: 44235 | N49: 1 | O49: Permanent | P49: Wellington, New Zealand | Q49: 3.3671233 | R49: Full time | U49: PR02288 | V49: Althea | W49: Bronger | X49: Male | Y49: Product Management | Z49: 104335.04 | AA49: Above 100k | AB49: 43874 | AC49: 1 | AD49: Permanent | AE49: Columbus, USA | AF49: 4.3561644 | AG49: Full time | AJ49: TN04892 | AK49: Luca | AL49: Wolstenholme | AM49: Male | AN49: Engineering | AO49: 53184.02 | AP49: 50k to 100k | AQ49: 43180 | AR49: 1 | AS49: Fixed Term | AT49: Remote | AU49: 6.2575342 | AV49: Full time
... E53: Monday | F53: TN00890 | G53: Mayur | H53: Kousika | I53: Female | J53: Training | K53: 71570.99 | L53: 50k to 100k | M53: 44249 | N53: 0.5 | O53: Permanent | P53: Hyderabad, India | Q53: 3.3287671 | R53: Part time | U53: PR02208 | V53: Gowri | W53: Sankar | X53: Female | Y53: Training | Z53: 102934.09 | AA53: Above 100k | AB53: 44315 | AC53: 1 | AD53: Permanent | AE53: Hyderabad, India | AF53: 3.1479452 | AG53: Full time | AJ53: TN01256 | AK53: Sawini | AL53: Chandan | AM53: Male | AN53: Legal | AO53: 28481.16 | AP53: Under 50k | AQ53: 43916 | AR53: 1 | AS53: Permanent | AT53: Hyderabad, India | AU53: 4.2410959 | AV53: Full time
E54: Monday | F54: PR00095 | G54: Devrat | H54: Damarsingh | I54: Female | J54: Business Development | K54: 70649.46 | L54: 50k to 100k | M54: 43843 | N54: 1 | O54: Permanent | P54: Hyderabad, India | Q54: 4.4410959 | R54: Full time | U54: VT01762 | V54: Geena | W54: Raghavanpillai | X54: Male | Y54: Accounting | Z54: 102515.81 | AA54: Above 100k | AB54: 43902 | AC54: 1 | AD54: Fixed Term | AE54: Chennai, India | AF54: 4.2794521 | AG54: Full time
E55: Monday | F55: PR04473 | G55: Wyn | H55: Treadger | I55: Female | J55: Business Development | K55: 69192.85 | L55: 50k to 100k | M55: 44305 | N55: 1 | O55: Permanent | P55: Columbus, USA | Q55: 3.1753425 | R55: Full time | U55: SQ03491 | V55: Freda | W55: Legan | X55: Female | Y55: Sales | Z55: 102129.37 | AA55: Above 100k | AB55: 44396 | AC55: 1 | AD55: Permanent | AE55: Columbus, USA | AF55: 2.9260274 | AG55: Full time
E56: Monday | F56: SQ03321 | G56: Gradey | H56: Litton | I56: Female | J56: Accounting | K56: 68887.84 | L56: 50k to 100k | M56: 43297 | N56: 1 | O56: Permanent | P56: Remote | Q56: 5.9369863 | R56: Full time | U56: VT01684 | V56: Audry | W56: Yu | X56: Female | Y56: Training | Z56: 101187.36 | AA56: Above 100k | AB56: 43258 | AC56: 1 | AD56: Fixed Term | AE56: Columbus, USA | AF56: 6.0438356 | AG56: Full time
E57: Monday | F57: TN01601 | G57: Melva | H57: Jickells | I57: Female | J57: Product Management | K57: 68795.48 | L57: 50k to 100k | M57: 44277 | N57: 0.2 | O57: Permanent | P57: Remote | Q57: 3.2520548 | R57: Part time | U57: SQ03387 | V57: Robinia | W57: Scholling | X57: Female | Y57: Human Resources | Z57: 100731.95 | AA57: Above 100k | AB57: 43936 | AC57: 1 | AD57: Permanent | AE57: Auckland, New Zealand | AF57: 4.1863014 | AG57: Full time
E58: Monday | F58: TN01601 | G58: Melva | H58: Jickells | I58: Female | J58: Product Management | K58: 68795.48 | L58: 50k to 100k | M58: 44277 | N58: 0.2 | O58: Permanent | P58: Remote | Q58: 3.2520548 | R58: Part time | U58: SQ04665 | V58: Collin | W58: Jagson | X58: Male | Y58: Services | Z58: 100424.23 | AA58: Above 100k | AB58: 43801 | AC58: 1 | AD58: Permanent | AE58: Auckland, New Zealand | AF58: 4.5561644 | AG58: Full time | AL58: Employee who join on Monday
E59: Monday | F59: SQ03350 | G59: Felice | H59: McMurty | I59: Female | J59: Product Management | K59: 66865.49 | L59: 50k to 100k | M59: 43514 | N59: 1 | O59: Permanent | P59: Seattle, USA | Q59: 5.3424658 | R59: Full time | U59: TN04246 | V59: Shaylyn | W59: Ransbury | X59: Female | Y59: Support | Z59: 100371.31 | AA59: Above 100k | AB59: 44067 | AC59: 0.8 | AD59: Fixed Term | AE59: Auckland, New Zealand | AF59: 3.8273973 | AG59: Part time | AJ59: Gender | AK59: Female | AM59: Joining Day | AN59: 1
E60: Monday | F60: SQ03350 | G60: Felice | H60: McMurty | I60: Female | J60: Product Management | K60: 66865.49 | L60: 50k to 100k | M60: 43514 | N60: 1 | O60: Permanent | P60: Seattle, USA | Q60: 5.3424658 | R60: Full time | U60: SQ02465 | V60: Bernie | W60: Gorges | X60: Female | Y60: Training | Z60: 99965.97 | AA60: 50k to 100k | AB60: 43133 | AC60: 1 | AD60: Permanent | AE60: Remote | AF60: 6.3863014 | AG60: Full time | AJ60: {=_xlfn._xlws.FILTER(_xlfn.ANCHORARRAY(U13),(X13:X272 = AK59)*WEEKDAY(AB13:AB272,2)=AN59)} -> SQ02174 | AK60: Sidoney | AL60: Yitzhok | AM60: Female | AN60: Engineering | AO60: 118442.54 | AP60: Above 100k | AQ60: 44193 | AR60: 1 | AS60: Permanent | AT60: Auckland, New Zealand | AU60: 3.4821918 | AV60: Full time | AW60: {=TEXT(AQ60:AQ106,"dddd")} -> Monday
E61: Monday | F61: PR00576 | G61: Lalitchandra | H61: Vadali | I61: Female | J61: Legal | K61: 63705.4 | L61: 50k to 100k | M61: 43682 | N61: 1 | O61: Permanent | P61: Hyderabad, India | Q61: 4.8821918 | R61: Full time | U61: TN03575 | V61: Janina | W61: Wolverson | X61: Female | Y61: Research and Development | Z61: 99683.67 | AA61: 50k to 100k | AB61: 43500 | AC61: 1 | AD61: Fixed Term | AE61: Seattle, USA | AF61: 5.3808219 | AG61: Full time | AJ61: TN01281 | AK61: Cletus | AL61: McGarahan | AM61: Female | AN61: Engineering | AO61: 114425.19 | AP61: Above 100k | AQ61: 43857 | AR61: 1 | AS61: Permanent | AT61: Wellington, New Zealand | AU61: 4.4027397 | AV61: Full time | AW61: Monday
E62: Monday | F62: PR02603 | G62: Dinanath | H62: Simhambhatla | I62: Female | J62: Human Resources | K62: 61994.76 | L62: 50k to 100k | M62: 43794 | N62: 0.3 | O62: Permanent | P62: Hyderabad, India | Q62: 4.5753425 | R62: Part time | U62: TN03575 | V62: Janina | W62: Wolverson | X62: Female | Y62: Research and Development | Z62: 99683.67 | AA62: 50k to 100k | AB62: 43500 | AC62: 1 | AD62: Fixed Term | AE62: Seattle, USA | AF62: 5.3808219 | AG62: Full time | AJ62: VT04552 | AK62: Theresita | AL62: Chasmer | AM62: Female | AN62: Product Management | AO62: 106665.67 | AP62: Above 100k | AQ62: 43311 | AR62: 1 | AS62: Temporary | AT62: Columbus, USA | AU62: 5.8986301 | AV62: Full time | AW62: Monday
E63: Monday | F63: TN00083 | G63: Chandana | H63: Sannidhi | I63: Female | J63: Business Development | K63: 61688.77 | L63: 50k to 100k | M63: 43346 | N63: 0.9 | O63: Permanent | P63: Chennai, India | Q63: 5.8027397 | R63: Part time | U63: TN01340 | V63: Granny | W63: Spencelayh | X63: Male | Y63: Legal | Z63: 99460.78 | AA63: 50k to 100k | AB63: 43956 | AC63: 1 | AD63: Permanent | AE63: Remote | AF63: 4.1315068 | AG63: Full time | AJ63: TN04740 | AK63: Tristam | AL63: Cuming | AM63: Female | AN63: Support | AO63: 104038.9 | AP63: Above 100k | AQ63: 43815 | AR63: 1 | AS63: Fixed Term | AT63: Remote | AU63: 4.5178082 | AV63: Full time | AW63: Monday
E64: Monday | F64: VT03988 | G64: Venkat | H64: Kodi | I64: Female | J64: Support | K64: 58935.92 | L64: 50k to 100k | M64: 43717 | N64: 1 | O64: Temporary | P64: Hyderabad, India | Q64: 4.7863014 | R64: Full time | U64: TN04428 | V64: Tadio | W64: Audritt | X64: Need to check | Y64: Human Resources | Z64: 99448.78 | AA64: 50k to 100k | AB64: 43473 | AC64: 1 | AD64: Fixed Term | AE64: Wellington, New Zealand | AF64: 5.4547945 | AG64: Full time | AJ64: SQ03491 | AK64: Freda | AL64: Legan | AM64: Female | AN64: Sales | AO64: 102129.37 | AP64: Above 100k | AQ64: 44396 | AR64: 1 | AS64: Permanent | AT64: Columbus, USA | AU64: 2.9260274 | AV64: Full time | AW64: Monday
E65: Monday | F65: PR02016 | G65: Iris | H65: Wagg | I65: Female | J65: Engineering | K65: 58861.19 | L65: 50k to 100k | M65: 43654 | N65: 1 | O65: Permanent | P65: Columbus, USA | Q65: 4.9589041 | R65: Full time | U65: TN04428 | V65: Tadio | W65: Audritt | X65: Need to check | Y65: Human Resources | Z65: 99448.78 | AA65: 50k to 100k | AB65: 43473 | AC65: 1 | AD65: Fixed Term | AE65: Wellington, New Zealand | AF65: 5.4547945 | AG65: Full time | AJ65: TN04246 | AK65: Shaylyn | AL65: Ransbury | AM65: Female | AN65: Support | AO65: 100371.31 | AP65: Above 100k | AQ65: 44067 | AR65: 0.8 | AS65: Fixed Term | AT65: Auckland, New Zealand | AU65: 3.8273973 | AV65: Part time | AW65: Monday
E66: Monday | F66: VT04415 | G66: Malory | H66: Biles | I66: Female | J66: Training | K66: 58744.17 | L66: 50k to 100k | M66: 43171 | N66: 1 | O66: Temporary | P66: Columbus, USA | Q66: 6.2821918 | R66: Full time | U66: TN02377 | V66: Anjela | W66: Spancock | X66: Need to check | Y66: Accounting | Z66: 98012.63 | AA66: 50k to 100k | AB66: 43780 | AC66: 1 | AD66: Permanent | AE66: Remote | AF66: 4.6136986 | AG66: Full time | AJ66: TN03575 | AK66: Janina | AL66: Wolverson | AM66: Female | AN66: Research and Development | AO66: 99683.67 | AP66: 50k to 100k | AQ66: 43500 | AR66: 1 | AS66: Fixed Term | AT66: Seattle, USA | AU66: 5.3808219 | AV66: Full time | AW66: Monday
E67: Monday | F67: TN02749 | G67: Parasuramudu | H67: Jamakayala | I67: Female | J67: Training | K67: 57002.02 | L67: 50k to 100k | M67: 43192 | N67: 0.7 | O67: Permanent | P67: Hyderabad, India | Q67: 6.2246575 | R67: Part time | U67: PR04686 | V67: Oona | W67: Donan | X67: Female | Y67: Business Development | Z67: 98000 | AA67: 50k to 100k | AB67: 43710 | AC67: 0.9 | AD67: Permanent | AE67: Seattle, USA | AF67: 4.8054795 | AG67: Part time | AJ67: TN03575 | AK67: Janina | AL67: Wolverson | AM67: Female | AN67: Research and Development | AO67: 99683.67 | AP67: 50k to 100k | AQ67: 43500 | AR67: 1 | AS67: Fixed Term | AT67: Seattle, USA | AU67: 5.3808219 | AV67: Full time | AW67: Monday
E68: Monday | F68: VT00740 | G68: Chitrasen | H68: Laul | I68: Female | J68: Research and Development | K68: 46751.7 | L68: Under 50k | M68: 43843 | N68: 1 | O68: Fixed Term | P68: Hyderabad, India | Q68: 4.4410959 | R68: Full time | U68: PR01269 | V68: Eleonore | W68: Airdrie | X68: Female | Y68: Engineering | Z68: 97105.19 | AA68: 50k to 100k | AB68: 44425 | AC68: 1 | AD68: Permanent | AE68: Columbus, USA | AF68: 2.8465753 | AG68: Full time | AJ68: PR04686 | AK68: Oona | AL68: Donan | AM68: Female | AN68: Business Development | AO68: 98000 | AP68: 50k to 100k | AQ68: 43710 | AR68: 0.9 | AS68: Permanent | AT68: Seattle, USA | AU68: 4.8054795 | AV68: Part time | AW68: Monday
E69: Monday | F69: SQ01402 | G69: Sahaj | H69: Jonnalagadda | I69: Female | J69: Engineering | K69: 44403.77 | L69: Under 50k | M69: 43416 | N69: 1 | O69: Permanent | P69: Hyderabad, India | Q69: 5.6109589 | R69: Full time | U69: TN02674 | V69: Antonetta | W69: Coggeshall | X69: Male | Y69: Sales | Z69: 96753.78 | AA69: 50k to 100k | AB69: 44494 | AC69: 1 | AD69: Permanent | AE69: Auckland, New Zealand | AF69: 2.6575342 | AG69: Full time | AJ69: PR00007 | AK69: Torrance | AL69: Collier | AM69: Female | AN69: Training | AO69: 96135.75 | AP69: 50k to 100k | AQ69: 44025 | AR69: 0.3 | AS69: Permanent | AT69: Wellington, New Zealand | AU69: 3.9424658 | AV69: Part time | AW69: Monday
E70: Monday | F70: VT00578 | G70: Magnum | H70: Locksley | I70: Female | J70: Services | K70: 42314.39 | L70: Under 50k | M70: 44487 | N70: 1 | O70: Fixed Term | P70: Remote | Q70: 2.6767123 | R70: Full time | U70: TN02674 | V70: Antonetta | W70: Coggeshall | X70: Male | Y70: Sales | Z70: 96753.78 | AA70: 50k to 100k | AB70: 44494 | AC70: 1 | AD70: Permanent | AE70: Auckland, New Zealand | AF70: 2.6575342 | AG70: Full time | AJ70: SQ03626 | AK70: Krishnakanta | AL70: Vellanki | AM70: Female | AN70: Training | AO70: 95677.9 | AP70: 50k to 100k | AQ70: 44396 | AR70: 0.3 | AS70: Permanent | AT70: Chennai, India | AU70: 2.9260274 | AV70: Part time | AW70: Monday
E71: Monday | F71: PR02275 | G71: Louise | H71: Lamming | I71: Female | J71: Sales | K71: 41934.71 | L71: Under 50k | M71: 43780 | N71: 1 | O71: Permanent | P71: Remote | Q71: 4.6136986 | R71: Full time | U71: VT02319 | V71: Tarala | W71: Vishaal | X71: Female | Y71: Research and Development | Z71: 96555.53 | AA71: 50k to 100k | AB71: 43489 | AC71: 0.2 | AD71: Temporary | AE71: Hyderabad, India | AF71: 5.4109589 | AG71: Part time | AJ71: VT01803 | AK71: Freddy | AL71: Linford | AM71: Female | AN71: Training | AO71: 93128.34 | AP71: 50k to 100k | AQ71: 43164 | AR71: 1 | AS71: Fixed Term | AT71: Seattle, USA | AU71: 6.3013699 | AV71: Full time | AW71: Monday
E72: Monday | F72: SQ00914 | G72: Duran | H72: Appala | I72: Female | J72: Product Management | K72: 38438.24 | L72: Under 50k | M72: 43962 | N72: 1 | O72: Permanent | P72: Chennai, India | Q72: 4.1150685 | R72: Full time | U72: PR00007 | V72: Torrance | W72: Collier | X72: Female | Y72: Training | Z72: 96135.75 | AA72: 50k to 100k | AB72: 44025 | AC72: 0.3 | AD72: Permanent | AE72: Wellington, New Zealand | AF72: 3.9424658 | AG72: Part time | AJ72: TN04175 | AK72: Hinda | AL72: Label | AM72: Female | AN72: Human Resources | AO72: 92704.48 | AP72: 50k to 100k | AQ72: 43430 | AR72: 1 | AS72: Fixed Term | AT72: Columbus, USA | AU72: 5.5726027 | AV72: Full time | AW72: Monday
... E76: Monday | F76: VT01249 | G76: Brendan | H76: Edgeller | I76: Female | J76: Legal | K76: 31042.51 | L76: Under 50k | M76: 44473 | N76: 0.3 | O76: Fixed Term | P76: Remote | Q76: 2.7150685 | R76: Part time | U76: TN00328 | V76: Jeannie | W76: Petracco | X76: Female | Y76: Engineering | Z76: 94815.28 | AA76: 50k to 100k | AB76: 43440 | AC76: 1 | AD76: Permanent | AE76: Seattle, USA | AF76: 5.5452055 | AG76: Full time | AJ76: SQ00841 | AK76: Bhuvan | AL76: Pals | AM76: Female | AN76: Services | AO76: 89690.38 | AP76: 50k to 100k | AQ76: 43213 | AR76: 1 | AS76: Permanent | AT76: Hyderabad, India | AU76: 6.1671233 | AV76: Full time | AW76: Monday
U77: TN04265 | V77: Rushil | W77: Kripa | X77: Female | Y77: Training | Z77: 93964.3 | AA77: 50k to 100k | AB77: 44454 | AC77: 0.4 | AD77: Fixed Term | AE77: Hyderabad, India | AF77: 2.7671233 | AG77: Part time | AJ77: SQ00105 | AK77: Sarayu | AL77: Ragunathan | AM77: Female | AN77: Training | AO77: 86010.54 | AP77: 50k to 100k | AQ77: 43164 | AR77: 1 | AS77: Permanent | AT77: Chennai, India | AU77: 6.3013699 | AV77: Full time | AW77: Monday
U78: VT01803 | V78: Freddy | W78: Linford | X78: Female | Y78: Training | Z78: 93128.34 | AA78: 50k to 100k | AB78: 43164 | AC78: 1 | AD78: Fixed Term | AE78: Seattle, USA | AF78: 6.3013699 | AG78: Full time | AJ78: SQ04613 | AK78: Sarojini | AL78: Naueshwara | AM78: Female | AN78: Human Resources | AO78: 85264.38 | AP78: 50k to 100k | AQ78: 43220 | AR78: 1 | AS78: Permanent | AT78: Chennai, India | AU78: 6.1479452 | AV78: Full time | AW78: Monday
U79: TN02988 | V79: Mahindra | W79: Sreedharan | X79: Male | Y79: Engineering | Z79: 92943.89 | AA79: 50k to 100k | AB79: 44510 | AC79: 1 | AD79: Permanent | AE79: Hyderabad, India | AF79: 2.6136986 | AG79: Full time | AJ79: TN02883 | AK79: John | AL79: Joseph | AM79: Female | AN79: Sales | AO79: 84762.76 | AP79: 50k to 100k | AQ79: 43332 | AR79: 1 | AS79: Permanent | AT79: Hyderabad, India | AU79: 5.8410959 | AV79: Full time | AW79: Monday
U80: TN04175 | V80: Hinda | W80: Label | X80: Female | Y80: Human Resources | Z80: 92704.48 | AA80: 50k to 100k | AB80: 43430 | AC80: 1 | AD80: Fixed Term | AE80: Columbus, USA | AF80: 5.5726027 | AG80: Full time | AJ80: VT00596 | AK80: Letisha | AL80: Carrett | AM80: Female | AN80: Sales | AO80: 84598.88 | AP80: 50k to 100k | AQ80: 44116 | AR80: 1 | AS80: Fixed Term | AT80: Seattle, USA | AU80: 3.6931507 | AV80: Full time | AW80: Monday
U81: PR04446 | V81: Sameer | W81: Shashank | X81: Female | Y81: Research and Development | Z81: 92336.08 | AA81: 50k to 100k | AB81: 44431 | AC81: 1 | AD81: Permanent | AE81: Hyderabad, India | AF81: 2.830137 | AG81: Full time | AJ81: VT00596 | AK81: Letisha | AL81: Carrett | AM81: Female | AN81: Sales | AO81: 84598.88 | AP81: 50k to 100k | AQ81: 44116 | AR81: 1 | AS81: Fixed Term | AT81: Seattle, USA | AU81: 3.6931507 | AV81: Full time | AW81: Monday
U82: TN04166 | V82: Tadio | W82: Dowdle | X82: Female | Y82: Product Management | Z82: 91929.69 | AA82: 50k to 100k | AB82: 44085 | AC82: 1 | AD82: Fixed Term | AE82: Remote | AF82: 3.7780822 | AG82: Full time | AJ82: PR00916 | AK82: Inger | AL82: Chapelhow | AM82: Female | AN82: Research and Development | AO82: 84309.95 | AP82: 50k to 100k | AQ82: 44501 | AR82: 1 | AS82: Permanent | AT82: Remote | AU82: 2.6383562 | AV82: Full time | AW82: Monday
U83: PR01211 | V83: Enoch | W83: Dowrey | X83: Male | Y83: Accounting | Z83: 91645.04 | AA83: 50k to 100k | AB83: 44223 | AC83: 1 | AD83: Permanent | AE83: Auckland, New Zealand | AF83: 3.4 | AG83: Full time | AJ83: PR00113 | AK83: Van | AL83: Tuxwell | AM83: Female | AN83: Business Growth | AO83: 80695.74 | AP83: 50k to 100k | AQ83: 43360 | AR83: 1 | AS83: Permanent | AT83: Columbus, USA | AU83: 5.7643836 | AV83: Full time | AW83: Monday
U84: VT00534 | V84: Roselle | W84: Wandrach | X84: Male | Y84: Sales | Z84: 91314.75 | AA84: 50k to 100k | AB84: 43931 | AC84: 1 | AD84: Fixed Term | AE84: Seattle, USA | AF84: 4.2 | AG84: Full time | AJ84: PR00113 | AK84: Van | AL84: Tuxwell | AM84: Female | AN84: Business Development | AO84: 80695.74 | AP84: 50k to 100k | AQ84: 43360 | AR84: 1 | AS84: Permanent | AT84: Columbus, USA | AU84: 5.7643836 | AV84: Full time | AW84: Monday
U85: SQ02559 | V85: Aldrich | W85: Glenny | X85: Male | Y85: Business Development | Z85: 90884.32 | AA85: 50k to 100k | AB85: 43826 | AC85: 1 | AD85: Permanent | AE85: Columbus, USA | AF85: 4.4876712 | AG85: Full time | AJ85: PR04380 | AK85: Van | AL85: Tuxwell | AM85: Female | AN85: Business Development | AO85: 80695.74 | AP85: 50k to 100k | AQ85: 43787 | AR85: 0.8 | AS85: Permanent | AT85: Columbus, USA | AU85: 4.5945205 | AV85: Part time | AW85: Monday
U86: SQ02559 | V86: Aldrich | W86: Glenny | X86: Male | Y86: Business Development | Z86: 90884.32 | AA86: 50k to 100k | AB86: 43826 | AC86: 1 | AD86: Permanent | AE86: Columbus, USA | AF86: 4.4876712 | AG86: Full time | AJ86: PR02436 | AK86: Marmaduke | AL86: Worssam | AM86: Female | AN86: Engineering | AO86: 78378.2 | AP86: 50k to 100k | AQ86: 43465 | AR86: 0.4 | AS86: Permanent | AT86: Remote | AU86: 5.4767123 | AV86: Part time | AW86: Monday
U87: TN02204 | V87: Aldrich | W87: Glenny | X87: Male | Y87: Business Development | Z87: 90884.32 | AA87: 50k to 100k | AB87: 44039 | AC87: 0.5 | AD87: Permanent | AE87: Columbus, USA | AF87: 3.9041096 | AG87: Part time | AJ87: SQ03625 | AK87: Fidela | AL87: Artis | AM87: Female | AN87: Sales | AO87: 78020.39 | AP87: 50k to 100k | AQ87: 43899 | AR87: 1 | AS87: Permanent | AT87: Remote | AU87: 4.2876712 | AV87: Full time | AW87: Monday
U88: SQ01395 | V88: Dennison | W88: Crosswaite | X88: Male | Y88: Legal | Z88: 90697.67 | AA88: 50k to 100k | AB88: 44221 | AC88: 0.8 | AD88: Permanent | AE88: Seattle, USA | AF88: 3.4054795 | AG88: Part time | AJ88: VT01610 | AK88: Dhruv | AL88: Manjunath | AM88: Female | AN88: Accounting | AO88: 76303.82 | AP88: 50k to 100k | AQ88: 43458 | AR88: 1 | AS88: Fixed Term | AT88: Hyderabad, India | AU88: 5.4958904 | AV88: Full time | AW88: Monday
... U106: TN02883 | V106: John | W106: Joseph | X106: Female | Y106: Sales | Z106: 84762.76 | AA106: 50k to 100k | AB106: 43332 | AC106: 1 | AD106: Permanent | AE106: Hyderabad, India | AF106: 5.8410959 | AG106: Full time | AJ106: PR00576 | AK106: Lalitchandra | AL106: Vadali | AM106: Female | AN106: Legal | AO106: 63705.4 | AP106: 50k to 100k | AQ106: 43682 | AR106: 1 | AS106: Permanent | AT106: Hyderabad, India | AU106: 4.8821918 | AV106: Full time | AW106: Monday
U107: PR02957 | V107: Vaughn | W107: Carvill | X107: Female | Y107: Training | Z107: 84745.93 | AA107: 50k to 100k | AB107: 43707 | AC107: 1 | AD107: Permanent | AE107: Wellington, New Zealand | AF107: 4.8136986 | AG107: Full time | AJ107: PR02603 | AK107: Dinanath | AL107: Simhambhatla | AM107: Female | AN107: Human Resources | AO107: 61994.76 | AP107: 50k to 100k | AQ107: 43794 | AR107: 0.3 | AS107: Permanent | AT107: Hyderabad, India | AU107: 4.5753425 | AV107: Part time
U108: PR01306 | V108: Patti | W108: Dradey | X108: Male | Y108: Services | Z108: 84742.86 | AA108: 50k to 100k | AB108: 44098 | AC108: 1 | AD108: Permanent | AE108: Auckland, New Zealand | AF108: 3.7424658 | AG108: Full time | AJ108: TN00083 | AK108: Chandana | AL108: Sannidhi | AM108: Female | AN108: Business Development | AO108: 61688.77 | AP108: 50k to 100k | AQ108: 43346 | AR108: 0.9 | AS108: Permanent | AT108: Chennai, India | AU108: 5.8027397 | AV108: Part time
U109: VT00596 | V109: Letisha | W109: Carrett | X109: Female | Y109: Sales | Z109: 84598.88 | AA109: 50k to 100k | AB109: 44116 | AC109: 1 | AD109: Fixed Term | AE109: Seattle, USA | AF109: 3.6931507 | AG109: Full time | AJ109: VT03988 | AK109: Venkat | AL109: Kodi | AM109: Female | AN109: Support | AO109: 58935.92 | AP109: 50k to 100k | AQ109: 43717 | AR109: 1 | AS109: Temporary | AT109: Hyderabad, India | AU109: 4.7863014 | AV109: Full time
U110: VT00596 | V110: Letisha | W110: Carrett | X110: Female | Y110: Sales | Z110: 84598.88 | AA110: 50k to 100k | AB110: 44116 | AC110: 1 | AD110: Fixed Term | AE110: Seattle, USA | AF110: 3.6931507 | AG110: Full time | AJ110: PR02016 | AK110: Iris | AL110: Wagg | AM110: Female | AN110: Engineering | AO110: 58861.19 | AP110: 50k to 100k | AQ110: 43654 | AR110: 1 | AS110: Permanent | AT110: Columbus, USA | AU110: 4.9589041 | AV110: Full time
U111: PR00916 | V111: Inger | W111: Chapelhow | X111: Female | Y111: Research and Development | Z111: 84309.95 | AA111: 50k to 100k | AB111: 44501 | AC111: 1 | AD111: Permanent | AE111: Remote | AF111: 2.6383562 | AG111: Full time | AJ111: VT04415 | AK111: Malory | AL111: Biles | AM111: Female | AN111: Training | AO111: 58744.17 | AP111: 50k to 100k | AQ111: 43171 | AR111: 1 | AS111: Temporary | AT111: Columbus, USA | AU111: 6.2821918 | AV111: Full time
U112: VT03993 | V112: Dulce | W112: Colbeck | X112: Male | Y112: Human Resources | Z112: 83396.5 | AA112: 50k to 100k | AB112: 44285 | AC112: 1 | AD112: Temporary | AE112: Auckland, New Zealand | AF112: 3.230137 | AG112: Full time | AJ112: TN02749 | AK112: Parasuramudu | AL112: Jamakayala | AM112: Female | AN112: Training | AO112: 57002.02 | AP112: 50k to 100k | AQ112: 43192 | AR112: 0.7 | AS112: Permanent | AT112: Hyderabad, India | AU112: 6.2246575 | AV112: Part time
U113: VT03307 | V113: Tallie | W113: Chaikovski | X113: Male | Y113: Sales | Z113: 83191.95 | AA113: 50k to 100k | AB113: 43700 | AC113: 0.6 | AD113: Temporary | AE113: Remote | AF113: 4.8328767 | AG113: Part time | AJ113: VT00740 | AK113: Chitrasen | AL113: Laul | AM113: Female | AN113: Research and Development | AO113: 46751.7 | AP113: Under 50k | AQ113: 43843 | AR113: 1 | AS113: Fixed Term | AT113: Hyderabad, India | AU113: 4.4410959 | AV113: Full time
U114: VT03298 | V114: Nonah | W114: Bissell | X114: Male | Y114: Engineering | Z114: 82239.53 | AA114: 50k to 100k | AB114: 43846 | AC114: 1 | AD114: Temporary | AE114: Columbus, USA | AF114: 4.4328767 | AG114: Full time | AJ114: SQ01402 | AK114: Sahaj | AL114: Jonnalagadda | AM114: Female | AN114: Engineering | AO114: 44403.77 | AP114: Under 50k | AQ114: 43416 | AR114: 1 | AS114: Permanent | AT114: Hyderabad, India | AU114: 5.6109589 | AV114: Full time
U115: PR02321 | V115: Evanne | W115: Sheryn | X115: Female | Y115: Services | Z115: 81897.79 | AA115: 50k to 100k | AB115: 43146 | AC115: 1 | AD115: Permanent | AE115: Auckland, New Zealand | AF115: 6.3506849 | AG115: Full time | AJ115: VT00578 | AK115: Magnum | AL115: Locksley | AM115: Female | AN115: Services | AO115: 42314.39 | AP115: Under 50k | AQ115: 44487 | AR115: 1 | AS115: Fixed Term | AT115: Remote | AU115: 2.6767123 | AV115: Full time
U116: VT03771 | V116: Marjie | W116: Bamford | X116: Male | Y116: Sales | Z116: 80772.92 | AA116: 50k to 100k | AB116: 44137 | AC116: 1 | AD116: Temporary | AE116: Remote | AF116: 3.6356164 | AG116: Full time | AJ116: PR02275 | AK116: Louise | AL116: Lamming | AM116: Female | AN116: Sales | AO116: 41934.71 | AP116: Under 50k | AQ116: 43780 | AR116: 1 | AS116: Permanent | AT116: Remote | AU116: 4.6136986 | AV116: Full time
U117: PR00113 | V117: Van | W117: Tuxwell | X117: Female | Y117: Business Growth | Z117: 80695.74 | AA117: 50k to 100k | AB117: 43360 | AC117: 1 | AD117: Permanent | AE117: Columbus, USA | AF117: 5.7643836 | AG117: Full time | AJ117: SQ00914 | AK117: Duran | AL117: Appala | AM117: Female | AN117: Product Management | AO117: 38438.24 | AP117: Under 50k | AQ117: 43962 | AR117: 1 | AS117: Permanent | AT117: Chennai, India | AU117: 4.1150685 | AV117: Full time
U118: PR00113 | V118: Van | W118: Tuxwell | X118: Female | Y118: Business Development | Z118: 80695.74 | AA118: 50k to 100k | AB118: 43360 | AC118: 1 | AD118: Permanent | AE118: Columbus, USA | AF118: 5.7643836 | AG118: Full time | AJ118: SQ00914 | AK118: Karuna | AL118: Pashupathy | AM118: Female | AN118: Product Management | AO118: 38438.24 | AP118: Under 50k | AQ118: 43962 | AR118: 1 | AS118: Permanent | AT118: Chennai, India | AU118: 4.1150685 | AV118: Full time
... U121: TN01876 | V121: Aileen | W121: McCritchie | X121: Male | Y121: Business Development | Z121: 80169.42 | AA121: 50k to 100k | AB121: 44053 | AC121: 1 | AD121: Permanent | AE121: Auckland, New Zealand | AF121: 3.8657534 | AG121: Full time | AJ121: VT01249 | AK121: Brendan | AL121: Edgeller | AM121: Female | AN121: Legal | AO121: 31042.51 | AP121: Under 50k | AQ121: 44473 | AR121: 0.3 | AS121: Fixed Term | AT121: Remote | AU121: 2.7150685 | AV121: Part time
U122: TN01876 | V122: Aileen | W122: McCritchie | X122: Male | Y122: Business Development | Z122: 80169.42 | AA122: 50k to 100k | AB122: 44053 | AC122: 1 | AD122: Permanent | AE122: Auckland, New Zealand | AF122: 3.8657534 | AG122: Full time
U123: TN03210 | V123: Suman | W123: Katte | X123: Male | Y123: Training | Z123: 79567.69 | AA123: 50k to 100k | AB123: 43272 | AC123: 1 | AD123: Fixed Term | AE123: Chennai, India | AF123: 6.0054795 | AG123: Full time
U124: VT04137 | V124: Marissa | W124: Infante | X124: Need to check | Y124: Training | Z124: 78840.23 | AA124: 50k to 100k | AB124: 43633 | AC124: 1 | AD124: Temporary | AE124: Remote | AF124: 5.0164384 | AG124: Full time
U125: TN03355 | V125: Ruby | W125: Cracie | X125: Male | Y125: Research and Development | Z125: 78705.93 | AA125: 50k to 100k | AB125: 43409 | AC125: 1 | AD125: Fixed Term | AE125: Seattle, USA | AF125: 5.630137 | AG125: Full time
U126: VT00687 | V126: Godavari | W126: Veena | X126: Male | Y126: Engineering | Z126: 78443.78 | AA126: 50k to 100k | AB126: 43599 | AC126: 1 | AD126: Fixed Term | AE126: Hyderabad, India | AF126: 5.109589 | AG126: Full time
U127: PR02436 | V127: Marmaduke | W127: Worssam | X127: Female | Y127: Engineering | Z127: 78378.2 | AA127: 50k to 100k | AB127: 43465 | AC127: 0.4 | AD127: Permanent | AE127: Remote | AF127: 5.4767123 | AG127: Part time
U128: SQ03625 | V128: Fidela | W128: Artis | X128: Female | Y128: Sales | Z128: 78020.39 | AA128: 50k to 100k | AB128: 43899 | AC128: 1 | AD128: Permanent | AE128: Remote | AF128: 4.2876712 | AG128: Full time
U129: SQ03112 | V129: Kantimoy | W129: Pritish | X129: Male | Y129: Product Management | Z129: 77743.15 | AA129: 50k to 100k | AB129: 43920 | AC129: 1 | AD129: Permanent | AE129: Chennai, India | AF129: 4.230137 | AG129: Full time
U130: PR01476 | V130: Jaishree | W130: Atasi | X130: Male | Y130: Services | Z130: 77096.05 | AA130: 50k to 100k | AB130: 43217 | AC130: 1 | AD130: Permanent | AE130: Chennai, India | AF130: 6.1561644 | AG130: Full time
...

Sheet Q10
A1: 10 | B1: Complex formula: Department report of headcounts, salaries and % diff from overall average | E1: UNIQUE, SUMIFS, COUNTIFS, #, CONDITIONAL FORMATTING | G1: Calculate Median Salary and Female Ratio
I4: Male
B5: All Departments | C5: =COUNTA(staff[Emp ID]) -> 260 | D5: =AVERAGE(staff[Salary]) -> 73861.325 | G5: =MAX(staff[Salary]) -> 120000 | H5: =MEDIAN(staff[Salary]) -> 73360.38 | I5: =COUNTIF(staff[Gender],I4)/COUNTA(staff[Gender]) -> 0.48846154 | AA5: Gender Ratio | AB5: Male
M6: {=staff[#Headers]} -> Emp ID | N6: First Name | O6: Last Name | P6: Gender | Q6: Department | R6: Salary | S6: Salary Bucket | T6: Start Date | U6: FTE | V6: Employee type | W6: Work location | X6: Tenure | Y6: Work Type | AA6: Department | AB6: female ratio
B7: Department | C7: HeadCount | D7: Avg. Salary | E7: % diff from overall avg. | G7: Highest Salary | H7: Median Salary | I7: Female Ratio | M7: {=staff[]} -> PR00147 | N7: Minerva | O7: Ricardot | P7: Male | Q7: Engineering | R7: 120000 | S7: Above 100k | T7: 43416 | U7: 1 | V7: Permanent | W7: Remote | X7: 5.6109589 | Y7: Full time | AA7: {=_xlfn._xlws.SORT(_xlfn.UNIQUE(staff[Department]),,1)} -> Accounting | AB7: =COUNTIFS(Q7:Q266,AA7,P7:P266,AB$5)/COUNTIF(Q7:Q266,AA7) -> 0.57692308
B8: {=_xlfn._xlws.SORT(_xlfn.UNIQUE(staff[Department]),,1)} -> Accounting | C8: {=COUNTIFS(staff[Department],_xlfn.ANCHORARRAY(B8))} -> 26 | D8: {=AVERAGEIFS(staff[Salary],staff[Department],_xlfn.ANCHORARRAY(B8))} -> 69806.946 | E8: {=_xlfn.ANCHORARRAY(D8)-D5} -> -4054.3795 | F8: {=_xlfn.ANCHORARRAY(E8)} -> -4054.3795 | G8: {=_xlfn.MAXIFS(staff[Salary],staff[Department],_xlfn.ANCHORARRAY(B8))} -> 119022.49 | H8: {=MEDIAN(_xlfn._xlws.FILTER(staff[Salary],staff[Department]=B8))} -> 69025.615 | I8: {=COUNTIFS(staff[Department],_xlfn.ANCHORARRAY(B8),staff[Gender],"Female")/COUNTIF(staff[Department],_xlfn.ANCHORARRAY(B8))} -> 0.34615385 | M8: SQ04612 | N8: Mick | O8: Spraberry | P8: Female | Q8: Services | R8: 120000 | S8: Above 100k | T8: 43902 | U8: 0.9 | V8: Permanent | W8: Remote | X8: 4.2794521 | Y8: Part time | AA8: Business Development | AB8: =COUNTIFS(Q8:Q267,AA8,P8:P267,AB$5)/COUNTIF(Q8:Q267,AA8) -> 0.6
B9: Business Development | C9: 25 | D9: 79745.248 | E9: 5883.9232 | F9: 5883.9232 | G9: 110042.37 | H9: {=MEDIAN(_xlfn._xlws.FILTER(staff[Salary],staff[Department]=B9))} -> 80695.74 | I9: 0.4 | K9: =COUNTIF(staff[Gender],"Female") -> 125 | M9: PR03886 | N9: Edd | O9: MacKnockiter | P9: Male | Q9: Accounting | R9: 119022.49 | S9: Above 100k | T9: 44431 | U9: 1 | V9: Permanent | W9: Auckland, New Zealand | X9: 2.830137 | Y9: Full time | AA9: Business Growth | AB9: =COUNTIFS(Q9:Q268,AA9,P9:P268,AB$5)/COUNTIF(Q9:Q268,AA9) -> 0
B10: Business Growth | C10: 1 | D10: 80695.74 | E10: 6834.4148 | F10: 6834.4148 | G10: 80695.74 | H10: {=MEDIAN(_xlfn._xlws.FILTER(staff[Salary],staff[Department]=B10))} -> 80695.74 | I10: 1 | K10: =COUNTA(staff[Gender]) -> 260 | M10: SQ00144 | N10: Collen | O10: Dunbleton | P10: Male | Q10: Engineering | R10: 118976.16 | S10: Above 100k | T10: 44120 | U10: 1 | V10: Permanent | W10: Wellington, New Zealand | X10: 3.6821918 | Y10: Full time | AA10: Engineering | AB10: =COUNTIFS(Q10:Q269,AA10,P10:P269,AB$5)/COUNTIF(Q10:Q269,AA10) -> 0.6
B11: Engineering | C11: 26 | D11: 81976.442 | E11: 8115.1167 | F11: 8115.1167 | G11: 120000 | H11: {=MEDIAN(_xlfn._xlws.FILTER(staff[Salary],staff[Department]=B11))} -> 85332.305 | I11: 0.38461538 | K11: =K9/K10 -> 0.48076923 | M11: SQ02174 | N11: Sidoney | O11: Yitzhok | P11: Female | Q11: Engineering | R11: 118442.54 | S11: Above 100k | T11: 44193 | U11: 1 | V11: Permanent | W11: Auckland, New Zealand | X11: 3.4821918 | Y11: Full time | AA11: Human Resources | AB11: =COUNTIFS(Q11:Q270,AA11,P11:P270,AB$5)/COUNTIF(Q11:Q270,AA11) -> 0.54545455
B12: Human Resources | C12: 22 | D12: 73109.378 | E12: -751.9475 | F12: -751.9475 | G12: 103494.94 | H12: {=MEDIAN(_xlfn._xlws.FILTER(staff[Salary],staff[Department]=B12))} -> 73182.795 | I12: 0.31818182 | M12: VT04093 | N12: Prasanna | O12: Lakshmi | P12: Female | Q12: Training | R12: 116767.63 | S12: Above 100k | T12: 43949 | U12: 0.4 | V12: Temporary | W12: Chennai, India | X12: 4.1506849 | Y12: Part time | AA12: Legal | AB12: =COUNTIFS(Q12:Q271,AA12,P12:P271,AB$5)/COUNTIF(Q12:Q271,AA12) -> 0.61904762
B13: Legal | C13: 21 | D13: 67242.518 | E13: -6618.8076 | F13: -6618.8076 | G13: 113747.56 | H13: {=MEDIAN(_xlfn._xlws.FILTER(staff[Salary],staff[Department]=B13))} -> 66572.58 | I13: 0.33333333 | M13: VT04093 | N13: Baruna | O13: Ogale | P13: Female | Q13: Training | R13: 116767.63 | S13: Above 100k | T13: 43949 | U13: 0.4 | V13: Temporary | W13: Chennai, India | X13: 4.1506849 | Y13: Part time | AA13: Marketing | AB13: =COUNTIFS(Q13:Q272,AA13,P13:P272,AB$5)/COUNTIF(Q13:Q272,AA13) -> 0.58333333
B14: Marketing | C14: 12 | D14: 64441.3 | E14: -9420.0252 | F14: -9420.0252 | G14: 104903.79 | H14: {=MEDIAN(_xlfn._xlws.FILTER(staff[Salary],staff[Department]=B14))} -> 66961.49 | I14: 0.41666667 | M14: PR02010 | N14: Prerana | O14: Nishita | P14: Male | Q14: Product Management | R14: 115191.38 | S14: Above 100k | T14: 44004 | U14: 1 | V14: Permanent | W14: Hyderabad, India | X14: 4 | Y14: Full time | AA14: Product Management | AB14: =COUNTIFS(Q14:Q273,AA14,P14:P273,AB$5)/COUNTIF(Q14:Q273,AA14) -> 0.4137931
B15: Product Management | C15: 29 | D15: 75179.064 | E15: 1317.7393 | F15: 1317.7393 | G15: 115191.38 | H15: {=MEDIAN(_xlfn._xlws.FILTER(staff[Salary],staff[Department]=B15))} -> 72502.61 | I15: 0.5862069 | M15: SQ02624 | N15: Gwenneth | O15: Fealey | P15: Female | Q15: Engineering | R15: 114772.32 | S15: Above 100k | T15: 44251 | U15: 1 | V15: Permanent | W15: Columbus, USA | X15: 3.3232877 | Y15: Full time | AA15: Research and Development | AB15: =COUNTIFS(Q15:Q274,AA15,P15:P274,AB$5)/COUNTIF(Q15:Q274,AA15) -> 0.38888889
B16: Research and Development | C16: 18 | D16: 66910.766 | E16: -6950.5597 | F16: -6950.5597 | G16: 99683.67 | H16: {=MEDIAN(_xlfn._xlws.FILTER(staff[Salary],staff[Department]=B16))} -> 65995.375 | I16: 0.61111111 | M16: VT02801 | N16: Shellysheldon | O16: Mahady | P16: Male | Q16: Training | R16: 114691.03 | S16: Above 100k | T16: 44039 | U16: 1 | V16: Temporary | W16: Wellington, New Zealand | X16: 3.9041096 | Y16: Full time | AA16: Sales | AB16: =COUNTIFS(Q16:Q275,AA16,P16:P275,AB$5)/COUNTIF(Q16:Q275,AA16) -> 0.44444444
B17: Sales | C17: 18 | D17: 71897.096 | E17: -1964.2297 | F17: -1964.2297 | G17: 102129.37 | H17: {=MEDIAN(_xlfn._xlws.FILTER(staff[Salary],staff[Department]=B17))} -> 79396.655 | I17: 0.55555556 | M17: VT02491 | N17: Alexis | O17: Gotfrey | P17: Male | Q17: Engineering | R17: 114465.93 | S17: Above 100k | T17: 43291 | U17: 1 | V17: Temporary | W17: Wellington, New Zealand | X17: 5.9534247 | Y17: Full time | AA17: Services | AB17: =COUNTIFS(Q17:Q276,AA17,P17:P276,AB$5)/COUNTIF(Q17:Q276,AA17) -> 0.4
B18: Services | C18: 21 | D18: 74673.975 | E18: 812.64953 | F18: 812.64953 | G18: 120000 | H18: {=MEDIAN(_xlfn._xlws.FILTER(staff[Salary],staff[Department]=B18))} -> 77096.05 | I18: 0.61904762 | M18: TN01281 | N18: Cletus | O18: McGarahan | P18: Female | Q18: Engineering | R18: 114425.19 | S18: Above 100k | T18: 43857 | U18: 1 | V18: Permanent | W18: Wellington, New Zealand | X18: 4.4027397 | Y18: Full time | AA18: Support | AB18: =COUNTIFS(Q18:Q277,AA18,P18:P277,AB$5)/COUNTIF(Q18:Q277,AA18) -> 0.47058824
B19: Support | C19: 17 | D19: 66432.456 | E19: -7428.8693 | F19: -7428.8693 | G19: 104802.63 | H19: {=MEDIAN(_xlfn._xlws.FILTER(staff[Salary],staff[Department]=B19))} -> 61214.26 | I19: 0.47058824 | M19: PR00746 | N19: Hogan | O19: Iles | P19: Female | Q19: Accounting | R19: 114177.23 | S19: Above 100k | T19: 43908 | U19: 1 | V19: Permanent | W19: Wellington, New Zealand | X19: 4.2630137 | Y19: Full time | AA19: Training | AB19: =COUNTIFS(Q19:Q278,AA19,P19:P278,AB$5)/COUNTIF(Q19:Q278,AA19) -> 0.23809524
B20: Training | C20: 24 | D20: 83883.965 | E20: 10022.64 | F20: 10022.64 | G20: 116767.63 | H20: {=MEDIAN(_xlfn._xlws.FILTER(staff[Salary],staff[Department]=B20))} -> 89569.44 | I20: 0.70833333 | M20: VT03421 | N20: Alic | O20: Bagg | P20: Male | Q20: Legal | R20: 113747.56 | S20: Above 100k | T20: 44270 | U20: 0.7 | V20: Temporary | W20: Columbus, USA | X20: 3.2712329 | Y20: Part time
M21: VT03421 | N21: Alic | O21: Bagg | P21: Male | Q21: Legal | R21: 113747.56 | S21: Above 100k | T21: 44270 | U21: 0.7 | V21: Temporary | W21: Columbus, USA | X21: 3.2712329 | Y21: Part time
M22: SQ01620 | N22: Westbrook | O22: Brandino | P22: Male | Q22: Legal | R22: 113616.23 | S22: Above 100k | T22: 43255 | U22: 1 | V22: Permanent | W22: Remote | X22: 6.0520548 | Y22: Full time
M23: VT01893 | N23: Lindy | O23: Guillet | P23: Male | Q23: Training | R23: 112778.28 | S23: Above 100k | T23: 43250 | U23: 1 | V23: Fixed Term | W23: Remote | X23: 6.0657534 | Y23: Full time
M24: VT01893 | N24: Lindy | O24: Guillet | P24: Male | Q24: Training | R24: 112778.28 | S24: Above 100k | T24: 43250 | U24: 1 | V24: Fixed Term | W24: Remote | X24: 6.0657534 | Y24: Full time
M25: PR01159 | N25: Mollie | O25: Hanway | P25: Male | Q25: Engineering | R25: 112645.99 | S25: Above 100k | T25: 43759 | U25: 0.6 | V25: Permanent | W25: Seattle, USA | X25: 4.6712329 | Y25: Part time
M26: VT04028 | N26: Michale | O26: Rolf | P26: Male | Q26: Services | R26: 111815.49 | S26: Above 100k | T26: 43895 | U26: 0.7 | V26: Temporary | W26: Remote | X26: 4.2986301 | Y26: Part time
M27: VT04028 | N27: Michale | O27: Rolf | P27: Male | Q27: Services | R27: 111815.49 | S27: Above 100k | T27: 43895 | U27: 0.7 | V27: Temporary | W27: Remote | X27: 4.2986301 | Y27: Part time
M28: SQ04603 | N28: Natalee | O28: Craiker | P28: Male | Q28: Product Management | R28: 111229.47 | S28: Above 100k | T28: 43402 | U28: 1 | V28: Permanent | W28: Remote | X28: 5.6493151 | Y28: Full time
M29: SQ00498 | N29: Amery | O29: Ofer | P29: Female | Q29: Legal | R29: 111049.84 | S29: Above 100k | T29: 44393 | U29: 1 | V29: Permanent | W29: Wellington, New Zealand | X29: 2.9342466 | Y29: Full time
M30: VT04681 | N30: Nickolai | O30: Artin | P30: Female | Q30: Product Management | R30: 110906.35 | S30: Above 100k | T30: 43434 | U30: 1 | V30: Temporary | W30: Wellington, New Zealand | X30: 5.5616438 | Y30: Full time
M31: SQ00022 | N31: Carlin | O31: Demke | P31: Male | Q31: Business Development | R31: 110042.37 | S31: Above 100k | T31: 43914 | U31: 1 | V31: Permanent | W31: Columbus, USA | X31: 4.2465753 | Y31: Full time
M32: TN00579 | N32: Rafaelita | O32: Blaksland | P32: Female | Q32: Services | R32: 109163.39 | S32: Above 100k | T32: 44019 | U32: 0.8 | V32: Permanent | W32: Seattle, USA | X32: 3.9589041 | Y32: Part time
... M266: VT04373 | N266: Edi | O266: Hofton | P266: Male | Q266: Research and Development | R266: 28160.79 | S266: Under 50k | T266: 43129 | U266: 1 | V266: Temporary | W266: Remote | X266: 6.3972603 | Y266: Full time
